location_name,location_id,location_type,date,outcome_type,value
"Adams, Colorado",8001,county,2025-08-13,case_lab-confirmed,1
"Adams, Colorado",8001,county,2025-08-15,case_lab-confirmed,2
"Adams, Colorado",8001,county,2025-08-28,case_lab-confirmed,1
"Adams, Colorado",8001,county,2026-03-06,case_lab-confirmed,5
"Adams, Pennsylvania",42001,county,2026-08-31,case_lab-confirmed,1
"Alachua, Florida",12001,county,2026-01-25,case_lab-confirmed,1
"Alachua, Florida",12001,county,2026-02-07,case_lab-confirmed,1
"Allegan, Michigan",26005,county,2025-06-06,case_lab-confirmed,1
"Allegany, New York",36003,county,2026-08-06,case_lab-confirmed,1
"Allegany, New York",36003,county,2026-08-12,case_lab-confirmed,1
"Allegany, New York",36003,county,2026-08-18,case_lab-confirmed,1
"Allegany, New York",36003,county,2026-09-01,case_lab-confirmed,2
"Allen, Indiana",18003,county,2025-04-07,case_lab-confirmed,1
"Allen, Indiana",18003,county,2025-04-09,case_lab-confirmed,5
"Allen, Indiana",18003,county,2025-04-23,case_lab-confirmed,2
"Allen, Ohio",39003,county,2025-03-14,case_lab-confirmed,1
"Anchorage, Alaska",2020,county,2025-01-16,case_lab-confirmed,1
"Anchorage, Alaska",2020,county,2025-05-22,case_lab-confirmed,1
"Anchorage, Alaska",2020,county,2025-10-16,case_lab-confirmed,1
"Andrews, Texas",48003,county,2025-03-20,case_lab-confirmed,1
"Andrews, Texas",48003,county,2025-04-15,case_lab-confirmed,1
"Andrews, Texas",48003,county,2025-04-25,case_lab-confirmed,1
"Anne Arundel, Maryland",24003,county,2026-04-24,case_lab-confirmed,2
"Arapahoe, Colorado",8005,county,2025-05-13,case_lab-confirmed,1
"Arapahoe, Colorado",8005,county,2025-05-28,case_lab-confirmed,1
"Arapahoe, Colorado",8005,county,2025-05-30,case_lab-confirmed,1
"Arapahoe, Colorado",8005,county,2025-06-02,case_lab-confirmed,1
"Arapahoe, Colorado",8005,county,2025-06-09,case_lab-confirmed,1
"Arapahoe, Colorado",8005,county,2026-02-09,case_lab-confirmed,1
"Archuleta, Colorado",8007,county,2025-04-09,case_lab-confirmed,1
"Armstrong, Pennsylvania",42005,county,2026-09-04,case_lab-confirmed,1
"Ashtabula, Ohio",39007,county,2025-02-24,case_lab-confirmed,1
"Ashtabula, Ohio",39007,county,2025-02-25,case_lab-confirmed,1
"Ashtabula, Ohio",39007,county,2025-03-07,case_lab-confirmed,1
"Ashtabula, Ohio",39007,county,2025-03-08,case_lab-confirmed,1
"Ashtabula, Ohio",39007,county,2025-03-09,case_lab-confirmed,6
"Ashtabula, Ohio",39007,county,2025-04-01,case_lab-confirmed,1
"Ashtabula, Ohio",39007,county,2025-04-11,case_lab-confirmed,3
"Ashtabula, Ohio",39007,county,2025-04-12,case_lab-confirmed,2
"Ashtabula, Ohio",39007,county,2026-07-13,case_lab-confirmed,1
"Ashtabula, Ohio",39007,county,2026-07-15,case_lab-confirmed,1
"Ashtabula, Ohio",39007,county,2026-07-26,case_lab-confirmed,2
"Ashtabula, Ohio",39007,county,2026-07-27,case_lab-confirmed,2
"Ashtabula, Ohio",39007,county,2026-07-28,case_lab-confirmed,1
"Ashtabula, Ohio",39007,county,2026-08-14,case_lab-confirmed,10
"Ashtabula, Ohio",39007,county,2026-08-21,case_lab-confirmed,7
"Ashtabula, Ohio",39007,county,2026-09-04,case_lab-confirmed,3
"Atascosa, Texas",48013,county,2025-04-25,case_lab-confirmed,1
"Bailey, Texas",48017,county,2025-04-23,case_lab-confirmed,2
"Baltimore, Maryland",24510,county,2026-04-19,case_lab-confirmed,1
"Bandera, Texas",48019,county,2026-03-11,case_lab-confirmed,5
"Barbour, West Virginia",54001,county,2026-07-28,case_lab-confirmed,1
"Barren, Kentucky",21009,county,2026-09-04,case_lab-confirmed,5
"Bear River, Utah",0,county,2025-09-22,case_lab-confirmed,1
"Bear River, Utah",0,county,2025-09-25,case_lab-confirmed,3
"Bear River, Utah",0,county,2026-02-24,case_lab-confirmed,1
"Bear River, Utah",0,county,2026-03-03,case_lab-confirmed,2
"Bear River, Utah",0,county,2026-03-10,case_lab-confirmed,3
"Bear River, Utah",0,county,2026-03-17,case_lab-confirmed,1
"Bear River, Utah",0,county,2026-03-24,case_lab-confirmed,1
"Bear River, Utah",0,county,2026-03-31,case_lab-confirmed,1
"Bear River, Utah",0,county,2026-05-19,case_lab-confirmed,1
"Beaufort, South Carolina",45013,county,2026-06-11,case_lab-confirmed,1
"Bedford, Pennsylvania",42009,county,2026-07-31,case_lab-confirmed,1
"Bedford, Pennsylvania",42009,county,2026-08-21,case_lab-confirmed,1
"Bell, Texas",48027,county,2025-06-17,case_lab-confirmed,1
"Benton, Arkansas",5007,county,2025-06-16,case_lab-confirmed,1
"Bergen, New Jersey",34003,county,2025-02-14,case_lab-confirmed,1
"Bergen, New Jersey",34003,county,2025-02-17,case_lab-confirmed,2
"Bergen, New Jersey",34003,county,2025-09-03,case_lab-confirmed,1
"Berks, Pennsylvania",42011,county,2026-06-05,case_lab-confirmed,1
"Berks, Pennsylvania",42011,county,2026-06-26,case_lab-confirmed,1
"Berks, Pennsylvania",42011,county,2026-07-10,case_lab-confirmed,1
"Berks, Pennsylvania",42011,county,2026-07-22,case_lab-confirmed,1
"Bexar, Texas",48029,county,2025-07-01,case_lab-confirmed,1
"Bexar, Texas",48029,county,2025-08-12,case_lab-confirmed,1
"Bexar, Texas",48029,county,2026-03-13,case_lab-confirmed,1
"Bonner, Idaho",16017,county,2025-08-20,case_lab-confirmed,1
"Bonneville, Idaho",16019,county,2025-08-07,case_lab-confirmed,2
"Bonneville, Idaho",16019,county,2025-09-13,case_lab-confirmed,3
"Borden, Texas",48033,county,2025-04-08,case_lab-confirmed,1
"Boulder, Colorado",8013,county,2025-06-13,case_lab-confirmed,1
"Boundary, Idaho",16021,county,2025-10-21,case_lab-confirmed,1
"Boundary, Idaho",16021,county,2025-10-23,case_lab-confirmed,1
"Boundary, Idaho",16021,county,2025-11-01,case_lab-confirmed,1
"Boundary, Idaho",16021,county,2025-11-02,case_lab-confirmed,1
"Boundary, Idaho",16021,county,2025-11-07,case_lab-confirmed,2
"Brazoria, Texas",48039,county,2025-04-18,case_lab-confirmed,1
"Brewster, Texas",48043,county,2025-05-23,case_lab-confirmed,1
"Brookings, South Dakota",46011,county,2026-02-21,case_lab-confirmed,1
"Brookings, South Dakota",46011,county,2026-05-30,case_lab-confirmed,2
"Broomfield, Colorado",8014,county,2026-03-06,case_lab-confirmed,1
"Broomfield, Colorado",8014,county,2026-03-12,case_lab-confirmed,2
"Broomfield, Colorado",8014,county,2026-03-18,case_lab-confirmed,1
"Broward, Florida",12011,county,2025-04-22,case_lab-confirmed,1
"Broward, Florida",12011,county,2025-08-16,case_lab-confirmed,1
"Broward, Florida",12011,county,2026-01-25,case_lab-confirmed,1
"Broward, Florida",12011,county,2026-02-21,case_lab-confirmed,1
"Broward, Florida",12011,county,2026-03-14,case_lab-confirmed,1
"Broward, Florida",12011,county,2026-04-25,case_lab-confirmed,2
"Brown, South Dakota",46013,county,2026-03-14,case_lab-confirmed,1
"Brown, Texas",48049,county,2025-04-04,case_lab-confirmed,1
"Bryan, Georgia",13029,county,2026-02-22,case_lab-confirmed,1
"Bucks, Pennsylvania",42017,county,2025-03-27,case_lab-confirmed,1
"Buncombe, North Carolina",37021,county,2026-01-06,case_lab-confirmed,3
"Buncombe, North Carolina",37021,county,2026-01-15,case_lab-confirmed,2
"Buncombe, North Carolina",37021,county,2026-01-23,case_lab-confirmed,1
"Buncombe, North Carolina",37021,county,2026-02-12,case_lab-confirmed,1
"Burke, North Carolina",37023,county,2026-03-06,case_lab-confirmed,1
"Burke, North Dakota",38013,county,2025-05-27,case_lab-confirmed,1
"Butte, South Dakota",46019,county,2025-11-29,case_lab-confirmed,1
"Butte, South Dakota",46019,county,2025-12-17,case_lab-confirmed,2
"Butte, South Dakota",46019,county,2025-12-24,case_lab-confirmed,1
"Cabarrus, North Carolina",37025,county,2026-01-23,case_lab-confirmed,2
"Caldwell, Kentucky",21033,county,2026-08-21,case_lab-confirmed,1
"Caldwell, Kentucky",21033,county,2026-09-04,case_lab-confirmed,1
"Cambria, Pennsylvania",42021,county,2026-09-04,case_lab-confirmed,1
"Canyon, Idaho",16027,county,2026-01-09,case_lab-confirmed,1
"Canyon, Idaho",16027,county,2026-01-17,case_lab-confirmed,1
"Canyon, Idaho",16027,county,2026-01-19,case_lab-confirmed,1
"Canyon, Idaho",16027,county,2026-01-20,case_lab-confirmed,1
"Canyon, Idaho",16027,county,2026-01-21,case_lab-confirmed,1
"Canyon, Idaho",16027,county,2026-02-24,case_lab-confirmed,1
"Carbon, Wyoming",56007,county,2025-07-22,case_lab-confirmed,1
"Carbon, Wyoming",56007,county,2025-08-02,case_lab-confirmed,4
"Carbon, Wyoming",56007,county,2025-08-15,case_lab-confirmed,1
"Carbon, Wyoming",56007,county,2025-08-26,case_lab-confirmed,1
"Carroll, Maryland",24013,county,2026-08-24,case_lab-confirmed,8
"Carson, Texas",48065,county,2025-05-13,case_lab-confirmed,1
"Cascade, Montana",30013,county,2025-07-16,case_lab-confirmed,1
"Cass, North Dakota",38017,county,2025-05-01,case_lab-confirmed,1
"Cass, North Dakota",38017,county,2025-05-06,case_lab-confirmed,2
"Cass, North Dakota",38017,county,2025-05-12,case_lab-confirmed,1
"Cass, North Dakota",38017,county,2025-05-14,case_lab-confirmed,1
"Cass, North Dakota",38017,county,2025-05-15,case_lab-confirmed,1
"Cass, North Dakota",38017,county,2025-05-17,case_lab-confirmed,1
"Cass, North Dakota",38017,county,2026-05-14,case_lab-confirmed,1
"Cecil, Maryland",24015,county,2026-08-24,case_lab-confirmed,5
"Cedar, Missouri",29039,county,2025-06-23,case_lab-confirmed,1
"Cedar, Missouri",29039,county,2025-07-01,case_lab-confirmed,1
"Cedar, Missouri",29039,county,2025-07-03,case_lab-confirmed,3
"Central Region, Virginia",0,county,2025-12-24,case_lab-confirmed,1
"Central Region, Virginia",0,county,2026-01-06,case_lab-confirmed,1
"Central Region, Virginia",0,county,2026-05-13,case_lab-confirmed,12
"Central Region, Virginia",0,county,2026-05-20,case_lab-confirmed,5
"Central Region, Virginia",0,county,2026-05-28,case_lab-confirmed,24
"Central Region, Virginia",0,county,2026-06-02,case_lab-confirmed,27
"Central Region, Virginia",0,county,2026-06-11,case_lab-confirmed,20
"Central Region, Virginia",0,county,2026-06-18,case_lab-confirmed,18
"Central Region, Virginia",0,county,2026-07-02,case_lab-confirmed,16
"Central Region, Virginia",0,county,2026-07-09,case_lab-confirmed,32
"Central, Iowa",19,county,2025-05-23,case_lab-confirmed,1
"Central, Iowa",19,county,2025-12-16,case_lab-confirmed,1
"Central, Utah",0,county,2025-11-18,case_lab-confirmed,2
"Central, Utah",0,county,2025-12-16,case_lab-confirmed,1
"Central, Utah",0,county,2026-01-06,case_lab-confirmed,2
"Central, Utah",0,county,2026-02-17,case_lab-confirmed,1
"Central, Utah",0,county,2026-02-24,case_lab-confirmed,3
"Central, Utah",0,county,2026-03-03,case_lab-confirmed,14
"Central, Utah",0,county,2026-03-10,case_lab-confirmed,5
"Central, Utah",0,county,2026-03-17,case_lab-confirmed,1
"Central, Utah",0,county,2026-03-24,case_lab-confirmed,7
"Central, Utah",0,county,2026-03-31,case_lab-confirmed,10
"Central, Utah",0,county,2026-04-07,case_lab-confirmed,4
"Central, Utah",0,county,2026-04-21,case_lab-confirmed,2
"Central, Utah",0,county,2026-04-28,case_lab-confirmed,13
"Central, Utah",0,county,2026-05-05,case_lab-confirmed,5
"Central, Utah",0,county,2026-05-12,case_lab-confirmed,13
"Central, Utah",0,county,2026-05-19,case_lab-confirmed,4
"Central, Utah",0,county,2026-06-02,case_lab-confirmed,1
"Central, Utah",0,county,2026-06-09,case_lab-confirmed,1
"Central, Utah",0,county,2026-06-16,case_lab-confirmed,8
"Central, Utah",0,county,2026-06-23,case_lab-confirmed,8
"Central, Utah",0,county,2026-06-30,case_lab-confirmed,1
"Central, Utah",0,county,2026-07-21,case_lab-confirmed,2
"Central, Utah",0,county,2026-08-04,case_lab-confirmed,2
"Central, Utah",0,county,2026-08-11,case_lab-confirmed,1
"Centre, Pennsylvania",42027,county,2026-08-07,case_lab-confirmed,2
"Centre, Pennsylvania",42027,county,2026-08-14,case_lab-confirmed,4
"Centre, Pennsylvania",42027,county,2026-08-21,case_lab-confirmed,7
"Centre, Pennsylvania",42027,county,2026-08-28,case_lab-confirmed,2
"Centre, Pennsylvania",42027,county,2026-09-04,case_lab-confirmed,2
"Charles, Maryland",24017,county,2026-08-24,case_lab-confirmed,1
"Chautauqua, New York",36013,county,2026-08-31,case_lab-confirmed,1
"Chaves, New Mexico",35005,county,2025-04-08,case_lab-confirmed,1
"Cherokee, South Carolina",45021,county,2026-03-19,case_lab-confirmed,36
"Chester, Pennsylvania",42029,county,2026-02-17,case_lab-confirmed,1
"Chester, Pennsylvania",42029,county,2026-07-01,case_lab-confirmed,2
"Chester, Pennsylvania",42029,county,2026-07-10,case_lab-confirmed,2
"Chester, Pennsylvania",42029,county,2026-07-17,case_lab-confirmed,2
"Chester, Pennsylvania",42029,county,2026-07-22,case_lab-confirmed,4
"Chester, Pennsylvania",42029,county,2026-07-31,case_lab-confirmed,8
"Chester, Pennsylvania",42029,county,2026-08-07,case_lab-confirmed,3
"Chester, Pennsylvania",42029,county,2026-08-14,case_lab-confirmed,15
"Chester, Pennsylvania",42029,county,2026-08-21,case_lab-confirmed,4
"Chester, Pennsylvania",42029,county,2026-08-28,case_lab-confirmed,2
"Chester, Pennsylvania",42029,county,2026-08-31,case_lab-confirmed,7
"Chester, Pennsylvania",42029,county,2026-09-04,case_lab-confirmed,6
"Christian, Kentucky",21047,county,2026-08-14,case_lab-confirmed,1
"Christian, Kentucky",21047,county,2026-08-21,case_lab-confirmed,9
"Christian, Kentucky",21047,county,2026-08-28,case_lab-confirmed,4
"Clackamas, Oregon",41005,county,2026-01-16,case_lab-confirmed,1
"Clackamas, Oregon",41005,county,2026-02-26,case_lab-confirmed,1
"Clarion, Pennsylvania",42031,county,2026-08-07,case_lab-confirmed,1
"Clarion, Pennsylvania",42031,county,2026-08-14,case_lab-confirmed,1
"Clarion, Pennsylvania",42031,county,2026-09-04,case_lab-confirmed,3
"Clark, Nevada",32003,county,2025-11-07,case_lab-confirmed,1
"Clark, Washington",53011,county,2026-01-23,case_lab-confirmed,1
"Clark, Washington",53011,county,2026-02-03,case_lab-confirmed,6
"Clark, Washington",53011,county,2026-02-06,case_lab-confirmed,1
"Clark, Washington",53011,county,2026-07-22,case_lab-confirmed,1
"Clark, Washington",53011,county,2026-07-30,case_lab-confirmed,7
"Clark, Washington",53011,county,2026-08-13,case_lab-confirmed,2
"Clark, Washington",53011,county,2026-08-26,case_lab-confirmed,1
"Clearfield, Pennsylvania",42033,county,2026-08-14,case_lab-confirmed,4
"Clearfield, Pennsylvania",42033,county,2026-08-21,case_lab-confirmed,4
"Clearfield, Pennsylvania",42033,county,2026-08-28,case_lab-confirmed,1
"Clearfield, Pennsylvania",42033,county,2026-08-31,case_lab-confirmed,1
"Clearfield, Pennsylvania",42033,county,2026-09-04,case_lab-confirmed,2
"Clinton, Pennsylvania",42035,county,2026-08-21,case_lab-confirmed,1
"Clinton, Pennsylvania",42035,county,2026-08-28,case_lab-confirmed,1
"Clinton, Pennsylvania",42035,county,2026-09-04,case_lab-confirmed,2
"Coastal Health District, Georgia",13,county,2026-01-12,case_lab-confirmed,1
"Cochran, Texas",48079,county,2025-03-18,case_lab-confirmed,7
"Cochran, Texas",48079,county,2025-03-20,case_lab-confirmed,1
"Cochran, Texas",48079,county,2025-04-04,case_lab-confirmed,1
"Cochran, Texas",48079,county,2025-04-08,case_lab-confirmed,1
"Cochran, Texas",48079,county,2025-04-11,case_lab-confirmed,1
"Cochran, Texas",48079,county,2025-04-15,case_lab-confirmed,1
"Cochran, Texas",48079,county,2025-04-25,case_lab-confirmed,2
"Coconino, Arizona",4005,county,2025-12-30,case_lab-confirmed,1
"Coconino, Arizona",4005,county,2026-03-24,case_lab-confirmed,1
"Coconino, Arizona",4005,county,2026-03-31,case_lab-confirmed,1
"Coconino, Arizona",4005,county,2026-04-21,case_lab-confirmed,2
"Collier, Florida",12021,county,2026-01-29,case_lab-confirmed,1
"Collier, Florida",12021,county,2026-01-31,case_lab-confirmed,3
"Collier, Florida",12021,county,2026-02-07,case_lab-confirmed,42
"Collier, Florida",12021,county,2026-02-14,case_lab-confirmed,20
"Collier, Florida",12021,county,2026-02-21,case_lab-confirmed,17
"Collier, Florida",12021,county,2026-02-28,case_lab-confirmed,10
"Collier, Florida",12021,county,2026-08-22,case_lab-confirmed,1
"Collier, Florida",12021,county,2026-08-29,case_lab-confirmed,2
"Collin, Texas",48085,county,2025-04-25,case_lab-confirmed,1
"Collin, Texas",48085,county,2025-05-16,case_lab-confirmed,1
"Collin, Texas",48085,county,2025-06-02,case_lab-confirmed,1
"Collin, Texas",48085,county,2025-06-03,case_lab-confirmed,1
"Columbia, Pennsylvania",42037,county,2026-08-21,case_lab-confirmed,1
"Contra Costa, California",6013,county,2025-12-24,case_lab-confirmed,1
"Cook, Illinois",17031,county,2025-04-25,case_lab-confirmed,1
"Cook, Illinois",17031,county,2025-04-28,case_lab-confirmed,1
"Cook, Illinois",17031,county,2025-05-02,case_lab-confirmed,4
"Cook, Illinois",17031,county,2025-09-16,case_lab-confirmed,1
"Cook, Illinois",17031,county,2025-09-30,case_lab-confirmed,1
"Cumberland, Pennsylvania",42041,county,2025-12-18,case_lab-confirmed,2
"Cumberland, Pennsylvania",42041,county,2026-08-31,case_lab-confirmed,1
"Curry, New Mexico",35009,county,2025-05-09,case_lab-confirmed,1
"Cuyahoga, Ohio",39035,county,2025-04-28,case_lab-confirmed,1
"Cuyahoga, Ohio",39035,county,2025-12-29,case_lab-confirmed,1
"Cuyahoga, Ohio",39035,county,2026-01-04,case_lab-confirmed,2
"Cuyahoga, Ohio",39035,county,2026-01-06,case_lab-confirmed,1
"Dakota, Minnesota",27037,county,2025-06-02,case_lab-confirmed,1
"Dallam, Texas",48111,county,2025-02-25,case_lab-confirmed,4
"Dallam, Texas",48111,county,2025-03-18,case_lab-confirmed,2
"Dallam, Texas",48111,county,2025-03-20,case_lab-confirmed,1
"Dallas, Texas",48113,county,2025-06-24,case_lab-confirmed,1
"Dallas, Texas",48113,county,2026-08-28,case_lab-confirmed,1
"Dane, Wisconsin",55025,county,2026-01-25,case_lab-confirmed,1
"Dauphin, Pennsylvania",42043,county,2026-05-27,case_lab-confirmed,1
"Dauphin, Pennsylvania",42043,county,2026-06-05,case_lab-confirmed,1
"Dauphin, Pennsylvania",42043,county,2026-08-14,case_lab-confirmed,1
"Dauphin, Pennsylvania",42043,county,2026-09-04,case_lab-confirmed,1
"Davis, Utah",49011,county,2025-12-02,case_lab-confirmed,1
"Davis, Utah",49011,county,2025-12-09,case_lab-confirmed,1
"Davis, Utah",49011,county,2026-02-10,case_lab-confirmed,1
"Davis, Utah",49011,county,2026-02-24,case_lab-confirmed,1
"Davis, Utah",49011,county,2026-03-03,case_lab-confirmed,1
"Davis, Utah",49011,county,2026-03-10,case_lab-confirmed,4
"Davis, Utah",49011,county,2026-03-17,case_lab-confirmed,3
"Davis, Utah",49011,county,2026-03-24,case_lab-confirmed,1
"Davis, Utah",49011,county,2026-03-31,case_lab-confirmed,2
"Dawson, Texas",48115,county,2025-02-21,case_lab-confirmed,6
"Dawson, Texas",48115,county,2025-02-25,case_lab-confirmed,1
"Dawson, Texas",48115,county,2025-02-28,case_lab-confirmed,1
"Dawson, Texas",48115,county,2025-03-18,case_lab-confirmed,3
"Dawson, Texas",48115,county,2025-03-20,case_lab-confirmed,3
"Dawson, Texas",48115,county,2025-04-04,case_lab-confirmed,6
"Dawson, Texas",48115,county,2025-04-11,case_lab-confirmed,1
"Dawson, Texas",48115,county,2025-04-18,case_lab-confirmed,3
"Dawson, Texas",48115,county,2025-04-25,case_lab-confirmed,1
"Dawson, Texas",48115,county,2025-05-02,case_lab-confirmed,1
"Defiance, Ohio",39039,county,2025-04-13,case_lab-confirmed,1
"Delta, Colorado",8029,county,2026-05-30,case_lab-confirmed,1
"Denton, Texas",48121,county,2025-05-02,case_lab-confirmed,1
"Denton, Texas",48121,county,2025-05-23,case_lab-confirmed,1
"Denver, Colorado",8031,county,2025-04-07,case_lab-confirmed,1
"Denver, Colorado",8031,county,2025-04-23,case_lab-confirmed,1
"Denver, Colorado",8031,county,2025-04-25,case_lab-confirmed,1
"Denver, Colorado",8031,county,2025-06-04,case_lab-confirmed,1
"Dona Ana, New Mexico",35013,county,2025-04-15,case_lab-confirmed,1
"Dona Ana, New Mexico",35013,county,2025-05-02,case_lab-confirmed,1
"Dona Ana, New Mexico",35013,county,2026-02-26,case_lab-confirmed,2
"Dona Ana, New Mexico",35013,county,2026-03-12,case_lab-confirmed,1
"Douglas, Illinois",17041,county,2026-09-02,case_lab-confirmed,4
"Dunn, North Dakota",38025,county,2026-04-30,case_lab-confirmed,1
"Duval, Florida",12031,county,2025-08-16,case_lab-confirmed,1
"Duval, Florida",12031,county,2026-01-21,case_lab-confirmed,4
"Duval, Florida",12031,county,2026-02-07,case_lab-confirmed,2
"East Tennessee Region, Tennessee",0,county,2026-08-23,case_lab-confirmed,1
"East Tennessee Region, Tennessee",0,county,2026-09-04,case_lab-confirmed,2
"Eastern Region, Virginia",0,county,2025-09-03,case_lab-confirmed,1
"Eastern Region, Virginia",0,county,2026-03-25,case_lab-confirmed,1
"Eastern, Iowa",19,county,2025-06-09,case_lab-confirmed,1
"Eastern, Iowa",19,county,2025-06-11,case_lab-confirmed,1
"Eastern, Iowa",19,county,2025-06-12,case_lab-confirmed,3
"Eastern, Iowa",19,county,2025-07-14,case_lab-confirmed,1
"Eastland, Texas",48133,county,2025-05-02,case_lab-confirmed,2
"Ector, Texas",48135,county,2025-02-21,case_lab-confirmed,1
"Ector, Texas",48135,county,2025-02-25,case_lab-confirmed,1
"Ector, Texas",48135,county,2025-03-20,case_lab-confirmed,2
"Ector, Texas",48135,county,2025-04-02,case_lab-confirmed,1
"Ector, Texas",48135,county,2025-04-04,case_lab-confirmed,3
"Ector, Texas",48135,county,2025-04-18,case_lab-confirmed,1
"Ector, Texas",48135,county,2025-04-23,case_lab-confirmed,1
"Ector, Texas",48135,county,2025-05-02,case_lab-confirmed,1
"Ector, Texas",48135,county,2025-05-30,case_lab-confirmed,1
"Eddy, New Mexico",35015,county,2025-03-31,case_lab-confirmed,1
"Eddy, New Mexico",35015,county,2025-04-04,case_lab-confirmed,1
"Eddy, New Mexico",35015,county,2025-04-25,case_lab-confirmed,1
"Eddy, New Mexico",35015,county,2026-08-11,case_lab-confirmed,1
"Edmunds, South Dakota",46045,county,2026-06-27,case_lab-confirmed,1
"El Paso, Colorado",8041,county,2025-06-02,case_lab-confirmed,3
"El Paso, Colorado",8041,county,2025-06-09,case_lab-confirmed,1
"El Paso, Texas",48141,county,2025-04-09,case_lab-confirmed,2
"El Paso, Texas",48141,county,2025-04-10,case_lab-confirmed,1
"El Paso, Texas",48141,county,2025-04-15,case_lab-confirmed,4
"El Paso, Texas",48141,county,2025-04-18,case_lab-confirmed,11
"El Paso, Texas",48141,county,2025-04-23,case_lab-confirmed,2
"El Paso, Texas",48141,county,2025-04-25,case_lab-confirmed,2
"El Paso, Texas",48141,county,2025-04-29,case_lab-confirmed,10
"El Paso, Texas",48141,county,2025-05-02,case_lab-confirmed,6
"El Paso, Texas",48141,county,2025-05-06,case_lab-confirmed,6
"El Paso, Texas",48141,county,2025-05-09,case_lab-confirmed,6
"El Paso, Texas",48141,county,2025-05-13,case_lab-confirmed,2
"El Paso, Texas",48141,county,2025-05-20,case_lab-confirmed,2
"El Paso, Texas",48141,county,2025-05-23,case_lab-confirmed,2
"El Paso, Texas",48141,county,2025-05-27,case_lab-confirmed,1
"El Paso, Texas",48141,county,2025-05-30,case_lab-confirmed,2
"El Paso, Texas",48141,county,2025-06-10,case_lab-confirmed,1
"El Paso, Texas",48141,county,2025-07-01,case_lab-confirmed,1
"El Paso, Texas",48141,county,2026-02-25,case_lab-confirmed,21
"El Paso, Texas",48141,county,2026-03-18,case_lab-confirmed,2
"El Paso, Texas",48141,county,2026-03-25,case_lab-confirmed,1
"Elk, Pennsylvania",42047,county,2026-08-21,case_lab-confirmed,4
"Erath, Texas",48143,county,2025-03-20,case_lab-confirmed,1
"Erie, New York",36029,county,2026-06-04,case_lab-confirmed,1
"Erie, New York",36029,county,2026-06-10,case_lab-confirmed,1
"Erie, Pennsylvania",42049,county,2025-03-25,case_lab-confirmed,2
"Erie, Pennsylvania",42049,county,2025-03-30,case_lab-confirmed,1
"Erie, Pennsylvania",42049,county,2025-04-15,case_lab-confirmed,2
"Erie, Pennsylvania",42049,county,2025-05-09,case_lab-confirmed,3
"Escambia, Florida",12033,county,2026-02-07,case_lab-confirmed,3
"Escambia, Florida",12033,county,2026-02-14,case_lab-confirmed,2
"Fannin, Texas",48147,county,2025-07-15,case_lab-confirmed,4
"Faulkner, Arkansas",5045,county,2025-04-10,case_lab-confirmed,1
"Faulkner, Arkansas",5045,county,2025-04-29,case_lab-confirmed,1
"Faulkner, Arkansas",5045,county,2025-05-09,case_lab-confirmed,2
"Faulkner, Arkansas",5045,county,2025-05-20,case_lab-confirmed,1
"Faulkner, Arkansas",5045,county,2025-05-27,case_lab-confirmed,1
"Fayette, Kentucky",21067,county,2025-06-30,case_lab-confirmed,1
"Fayette, Kentucky",21067,county,2025-07-07,case_lab-confirmed,4
"Fayette, Kentucky",21067,county,2025-07-10,case_lab-confirmed,1
"Flathead, Montana",30029,county,2025-05-21,case_lab-confirmed,1
"Flathead, Montana",30029,county,2025-05-29,case_lab-confirmed,1
"Fort Bend, Texas",48157,county,2025-04-02,case_lab-confirmed,1
"Franklin, Kentucky",21073,county,2025-02-26,case_lab-confirmed,1
"Franklin, Ohio",39049,county,2025-05-20,case_lab-confirmed,1
"Franklin, Ohio",39049,county,2025-09-15,case_lab-confirmed,1
"Franklin, Ohio",39049,county,2025-09-24,case_lab-confirmed,1
"Franklin, Ohio",39049,county,2025-09-29,case_lab-confirmed,2
"Franklin, Ohio",39049,county,2025-10-08,case_lab-confirmed,1
"Franklin, Ohio",39049,county,2025-10-22,case_lab-confirmed,1
"Franklin, Ohio",39049,county,2026-02-01,case_lab-confirmed,1
"Franklin, Ohio",39049,county,2026-02-04,case_lab-confirmed,1
"Franklin, Ohio",39049,county,2026-02-09,case_lab-confirmed,1
"Franklin, Ohio",39049,county,2026-02-13,case_lab-confirmed,1
"Franklin, Ohio",39049,county,2026-02-15,case_lab-confirmed,1
"Franklin, Ohio",39049,county,2026-02-18,case_lab-confirmed,1
"Franklin, Ohio",39049,county,2026-03-11,case_lab-confirmed,1
"Franklin, Pennsylvania",42055,county,2026-08-28,case_lab-confirmed,1
"Franklin, Pennsylvania",42055,county,2026-09-04,case_lab-confirmed,1
"Fremont, Wyoming",56013,county,2025-12-18,case_lab-confirmed,5
"Fremont, Wyoming",56013,county,2026-05-01,case_lab-confirmed,1
"Fresno, California",6019,county,2025-03-11,case_lab-confirmed,1
"Fresno, California",6019,county,2025-03-19,case_lab-confirmed,1
"Frio, Texas",48163,county,2026-03-13,case_lab-confirmed,2
"Fulton, Georgia",13121,county,2025-01-28,case_lab-confirmed,1
"Fulton, Georgia",13121,county,2025-03-31,case_lab-confirmed,2
"Fulton, Georgia",13121,county,2025-05-19,case_lab-confirmed,1
"Fulton, Georgia",13121,county,2025-06-06,case_lab-confirmed,1
"Fulton, Georgia",13121,county,2025-06-18,case_lab-confirmed,1
"Fulton, Georgia",13121,county,2025-09-12,case_lab-confirmed,1
"Fulton, Georgia",13121,county,2025-09-23,case_lab-confirmed,3
"Fulton, Georgia",13121,county,2026-05-19,case_lab-confirmed,3
"Fulton, Georgia",13121,county,2026-08-19,case_lab-confirmed,2
"Fulton, Georgia",13121,county,2026-08-28,case_lab-confirmed,4
"Gaines, Texas",48165,county,2025-02-05,case_lab-confirmed,6
"Gaines, Texas",48165,county,2025-02-11,case_lab-confirmed,18
"Gaines, Texas",48165,county,2025-02-14,case_lab-confirmed,18
"Gaines, Texas",48165,county,2025-02-18,case_lab-confirmed,3
"Gaines, Texas",48165,county,2025-02-21,case_lab-confirmed,12
"Gaines, Texas",48165,county,2025-02-25,case_lab-confirmed,23
"Gaines, Texas",48165,county,2025-02-28,case_lab-confirmed,18
"Gaines, Texas",48165,county,2025-03-04,case_lab-confirmed,9
"Gaines, Texas",48165,county,2025-03-11,case_lab-confirmed,49
"Gaines, Texas",48165,county,2025-03-18,case_lab-confirmed,35
"Gaines, Texas",48165,county,2025-03-20,case_lab-confirmed,79
"Gaines, Texas",48165,county,2025-04-02,case_lab-confirmed,10
"Gaines, Texas",48165,county,2025-04-04,case_lab-confirmed,35
"Gaines, Texas",48165,county,2025-04-08,case_lab-confirmed,13
"Gaines, Texas",48165,county,2025-04-11,case_lab-confirmed,27
"Gaines, Texas",48165,county,2025-04-15,case_lab-confirmed,9
"Gaines, Texas",48165,county,2025-04-18,case_lab-confirmed,7
"Gaines, Texas",48165,county,2025-04-23,case_lab-confirmed,15
"Gaines, Texas",48165,county,2025-04-25,case_lab-confirmed,7
"Gaines, Texas",48165,county,2025-04-29,case_lab-confirmed,3
"Gaines, Texas",48165,county,2025-05-06,case_lab-confirmed,7
"Gaines, Texas",48165,county,2025-05-13,case_lab-confirmed,2
"Gaines, Texas",48165,county,2025-05-16,case_lab-confirmed,1
"Gaines, Texas",48165,county,2025-05-23,case_lab-confirmed,2
"Gaines, Texas",48165,county,2025-05-30,case_lab-confirmed,1
"Gaines, Texas",48165,county,2025-06-03,case_lab-confirmed,2
"Gaines, Texas",48165,county,2025-06-17,case_lab-confirmed,2
"Gaines, Texas",48165,county,2025-07-01,case_lab-confirmed,1
"Gallatin, Montana",30031,county,2025-04-17,case_lab-confirmed,5
"Gallatin, Montana",30031,county,2025-04-29,case_lab-confirmed,2
"Gallatin, Montana",30031,county,2025-05-05,case_lab-confirmed,1
"Gallatin, Montana",30031,county,2025-05-23,case_lab-confirmed,1
"Gallatin, Montana",30031,county,2025-05-28,case_lab-confirmed,1
"Gallatin, Montana",30031,county,2025-06-05,case_lab-confirmed,1
"Gallatin, Montana",30031,county,2025-06-09,case_lab-confirmed,1
"Gallatin, Montana",30031,county,2025-06-10,case_lab-confirmed,1
"Gallatin, Montana",30031,county,2025-06-15,case_lab-confirmed,3
"Gallatin, Montana",30031,county,2025-06-22,case_lab-confirmed,1
"Gallatin, Montana",30031,county,2025-07-20,case_lab-confirmed,2
"Gallatin, Montana",30031,county,2025-11-23,case_lab-confirmed,1
"Gallatin, Montana",30031,county,2025-11-30,case_lab-confirmed,2
"Gallatin, Montana",30031,county,2025-12-07,case_lab-confirmed,1
"Gallia, Ohio",39053,county,2026-09-04,case_lab-confirmed,1
"Garza, Texas",48169,county,2025-03-20,case_lab-confirmed,1
"Garza, Texas",48169,county,2025-04-02,case_lab-confirmed,1
"Geauga, Ohio",39055,county,2026-07-29,case_lab-confirmed,2
"Geauga, Ohio",39055,county,2026-07-31,case_lab-confirmed,8
"Geauga, Ohio",39055,county,2026-08-01,case_lab-confirmed,1
"Geauga, Ohio",39055,county,2026-08-04,case_lab-confirmed,2
"Geauga, Ohio",39055,county,2026-08-13,case_lab-confirmed,3
"Geauga, Ohio",39055,county,2026-08-21,case_lab-confirmed,8
"Geauga, Ohio",39055,county,2026-08-28,case_lab-confirmed,4
"Geauga, Ohio",39055,county,2026-09-04,case_lab-confirmed,4
"Grand Forks, North Dakota",38035,county,2025-05-16,case_lab-confirmed,1
"Grand Forks, North Dakota",38035,county,2025-05-17,case_lab-confirmed,1
"Grand Forks, North Dakota",38035,county,2025-05-20,case_lab-confirmed,1
"Grand Forks, North Dakota",38035,county,2025-05-22,case_lab-confirmed,1
"Grand Forks, North Dakota",38035,county,2025-05-25,case_lab-confirmed,2
"Grand Forks, North Dakota",38035,county,2025-05-26,case_lab-confirmed,1
"Grand Forks, North Dakota",38035,county,2025-05-28,case_lab-confirmed,2
"Grand Forks, North Dakota",38035,county,2025-05-30,case_lab-confirmed,1
"Grand Forks, North Dakota",38035,county,2026-04-12,case_lab-confirmed,1
"Grand Forks, North Dakota",38035,county,2026-04-15,case_lab-confirmed,2
"Grand Forks, North Dakota",38035,county,2026-05-11,case_lab-confirmed,1
"Grand Traverse, Michigan",26055,county,2025-06-18,case_lab-confirmed,1
"Grand Traverse, Michigan",26055,county,2025-06-20,case_lab-confirmed,1
"Grand Traverse, Michigan",26055,county,2025-06-23,case_lab-confirmed,1
"Grand Traverse, Michigan",26055,county,2025-07-02,case_lab-confirmed,1
"Grant, South Dakota",46051,county,2026-01-17,case_lab-confirmed,5
"Grant, South Dakota",46051,county,2026-02-04,case_lab-confirmed,1
"Grant, Washington",53025,county,2026-03-18,case_lab-confirmed,2
"Grant, Wisconsin",55043,county,2026-08-28,case_lab-confirmed,3
"Grant, Wisconsin",55043,county,2026-09-04,case_lab-confirmed,12
"Gray, Kansas",20069,county,2025-04-30,case_lab-confirmed,15
"Gray, Kansas",20069,county,2025-05-14,case_lab-confirmed,6
"Gray, Kansas",20069,county,2025-05-28,case_lab-confirmed,3
"Gray, Kansas",20069,county,2025-06-02,case_lab-confirmed,1
"Gray, Kansas",20069,county,2025-06-11,case_lab-confirmed,1
"Gray, Kansas",20069,county,2025-07-02,case_lab-confirmed,2
"Gray, Kansas",20069,county,2025-07-14,case_lab-confirmed,1
"Greater Boston, Massachusetts",25025,county,2026-02-27,case_lab-confirmed,1
"Greenville, South Carolina",45045,county,2026-03-19,case_lab-confirmed,8
"Guilford, North Carolina",37081,county,2025-06-24,case_lab-confirmed,1
"HHS District 3, Iowa",19,county,2026-08-27,case_lab-confirmed,1
"HHS District 4, Iowa",19,county,2026-08-20,case_lab-confirmed,9
"HHS District 4, Iowa",19,county,2026-09-03,case_lab-confirmed,1
"HHS District 5, Iowa",19,county,2026-08-20,case_lab-confirmed,3
"HHS District 5, Iowa",19,county,2026-09-03,case_lab-confirmed,2
"HHS District 6, Iowa",19,county,2026-08-20,case_lab-confirmed,3
"HHS District 6, Iowa",19,county,2026-08-27,case_lab-confirmed,3
"Hale, Texas",48189,county,2025-03-20,case_lab-confirmed,1
"Hale, Texas",48189,county,2025-04-04,case_lab-confirmed,2
"Hale, Texas",48189,county,2025-04-08,case_lab-confirmed,2
"Hampton, South Carolina",45049,county,2026-06-03,case_lab-confirmed,1
"Hardeman, Texas",48197,county,2025-05-02,case_lab-confirmed,1
"Harris, Texas",48201,county,2025-01-23,case_lab-confirmed,2
"Harris, Texas",48201,county,2025-03-20,case_lab-confirmed,1
"Harris, Texas",48201,county,2025-07-15,case_lab-confirmed,1
"Harris, Texas",48201,county,2025-08-07,case_lab-confirmed,1
"Harris, Texas",48201,county,2026-04-15,case_lab-confirmed,4
"Harris, Texas",48201,county,2026-04-29,case_lab-confirmed,1
"Harris, Texas",48201,county,2026-07-22,case_lab-confirmed,2
"Harrison, Ohio",39067,county,2026-08-14,case_lab-confirmed,3
"Harrison, Ohio",39067,county,2026-08-21,case_lab-confirmed,7
"Harrison, Texas",48203,county,2025-05-20,case_lab-confirmed,1
"Hartford, Connecticut",9003,county,2026-06-15,case_lab-confirmed,1
"Hartford, Connecticut",9003,county,2026-06-29,case_lab-confirmed,1
"Hartford, Connecticut",9003,county,2026-08-24,case_lab-confirmed,1
"Haskell, Kansas",20081,county,2025-04-09,case_lab-confirmed,8
"Haskell, Kansas",20081,county,2025-05-21,case_lab-confirmed,2
"Haskell, Kansas",20081,county,2025-06-02,case_lab-confirmed,1
"Haskell, Kansas",20081,county,2025-06-09,case_lab-confirmed,1
"Haskell, Kansas",20081,county,2025-06-11,case_lab-confirmed,3
"Haskell, Kansas",20081,county,2025-06-16,case_lab-confirmed,1
"Haskell, Kansas",20081,county,2025-06-18,case_lab-confirmed,1
"Haskell, Kansas",20081,county,2025-07-02,case_lab-confirmed,1
"Haskell, Kansas",20081,county,2025-07-07,case_lab-confirmed,1
"Hays, Texas",48209,county,2025-05-23,case_lab-confirmed,1
"Hennepin, Minnesota",27053,county,2025-03-24,case_lab-confirmed,1
"Hennepin, Minnesota",27053,county,2025-04-23,case_lab-confirmed,1
"Hidalgo, New Mexico",35023,county,2026-02-24,case_lab-confirmed,2
"Hill, Montana",30041,county,2025-05-22,case_lab-confirmed,1
"Hill, Montana",30041,county,2025-06-02,case_lab-confirmed,2
"Hill, Montana",30041,county,2025-06-06,case_lab-confirmed,1
"Hillsborough, Florida",12057,county,2026-01-08,case_lab-confirmed,1
"Hillsborough, Florida",12057,county,2026-02-07,case_lab-confirmed,1
"Hillsborough, Florida",12057,county,2026-04-25,case_lab-confirmed,1
"Hockley, Texas",48219,county,2025-03-20,case_lab-confirmed,1
"Hockley, Texas",48219,county,2025-03-31,case_lab-confirmed,1
"Hockley, Texas",48219,county,2025-04-04,case_lab-confirmed,1
"Hockley, Texas",48219,county,2025-04-18,case_lab-confirmed,2
"Hockley, Texas",48219,county,2025-05-02,case_lab-confirmed,1
"Hockley, Texas",48219,county,2025-08-07,case_lab-confirmed,1
"Holmes, Ohio",39075,county,2025-04-02,case_lab-confirmed,1
"Holmes, Ohio",39075,county,2026-07-28,case_lab-confirmed,1
"Holmes, Ohio",39075,county,2026-08-14,case_lab-confirmed,1
"Holmes, Ohio",39075,county,2026-08-21,case_lab-confirmed,2
"Holmes, Ohio",39075,county,2026-08-28,case_lab-confirmed,1
"Holmes, Ohio",39075,county,2026-09-04,case_lab-confirmed,1
"Honolulu, Hawaii",15003,county,2025-04-08,case_lab-confirmed,1
"Honolulu, Hawaii",15003,county,2025-04-17,case_lab-confirmed,1
"Honolulu, Hawaii",15003,county,2026-03-07,case_lab-confirmed,1
"Howard, Maryland",24027,county,2025-03-09,case_lab-confirmed,1
"Hudson, New Jersey",34017,county,2025-07-03,case_lab-confirmed,1
"Hudson, New Jersey",34017,county,2025-08-22,case_lab-confirmed,1
"Hudson, New Jersey",34017,county,2026-04-22,case_lab-confirmed,1
"Hudspeth, Texas",48229,county,2026-03-13,case_lab-confirmed,99
"Hudspeth, Texas",48229,county,2026-03-18,case_lab-confirmed,9
"Hudspeth, Texas",48229,county,2026-03-25,case_lab-confirmed,22
"Hudspeth, Texas",48229,county,2026-04-01,case_lab-confirmed,5
"Hudspeth, Texas",48229,county,2026-04-08,case_lab-confirmed,1
"Huntingdon, Pennsylvania",42061,county,2026-08-14,case_lab-confirmed,1
"Indiana, Pennsylvania",42063,county,2026-07-20,case_lab-confirmed,1
"Indiana, Pennsylvania",42063,county,2026-07-31,case_lab-confirmed,2
"Indiana, Pennsylvania",42063,county,2026-08-14,case_lab-confirmed,1
"Indiana, Pennsylvania",42063,county,2026-08-21,case_lab-confirmed,4
"Indiana, Pennsylvania",42063,county,2026-09-04,case_lab-confirmed,2
"Ingham, Michigan",26065,county,2025-04-15,case_lab-confirmed,1
"Iowa, Wisconsin",55049,county,2026-08-13,case_lab-confirmed,20
"Iowa, Wisconsin",55049,county,2026-08-20,case_lab-confirmed,11
"Iowa, Wisconsin",55049,county,2026-08-28,case_lab-confirmed,18
"Iowa, Wisconsin",55049,county,2026-09-04,case_lab-confirmed,10
"Jackson, Missouri",29095,county,2026-03-03,case_lab-confirmed,1
"Jefferson, Kentucky",21111,county,2025-07-14,case_lab-confirmed,1
"Jefferson, Kentucky",21111,county,2025-07-28,case_lab-confirmed,1
"Jefferson, Pennsylvania",42065,county,2026-08-07,case_lab-confirmed,3
"Jefferson, Pennsylvania",42065,county,2026-08-14,case_lab-confirmed,1
"Jefferson, Pennsylvania",42065,county,2026-08-21,case_lab-confirmed,7
"Jefferson, Pennsylvania",42065,county,2026-08-28,case_lab-confirmed,5
"Jefferson, Pennsylvania",42065,county,2026-08-31,case_lab-confirmed,2
"Jefferson, Pennsylvania",42065,county,2026-09-04,case_lab-confirmed,6
"Jessamine, Kentucky",21113,county,2026-01-16,case_lab-confirmed,1
"Jessamine, Kentucky",21113,county,2026-01-30,case_lab-confirmed,3
"Johnston, North Carolina",37101,county,2026-02-12,case_lab-confirmed,1
"Kane, Illinois",17089,county,2026-08-25,case_lab-confirmed,1
"Kenai Peninsula, Alaska",2122,county,2025-01-21,case_lab-confirmed,1
"Kendall, Texas",48259,county,2026-03-13,case_lab-confirmed,1
"Kent, Delaware",10001,county,2026-07-20,case_lab-confirmed,1
"Kent, Delaware",10001,county,2026-07-21,case_lab-confirmed,1
"Kent, Delaware",10001,county,2026-07-22,case_lab-confirmed,2
"Kent, Delaware",10001,county,2026-07-31,case_lab-confirmed,4
"Kent, Delaware",10001,county,2026-08-14,case_lab-confirmed,14
"Kent, Delaware",10001,county,2026-09-04,case_lab-confirmed,1
"Kent, Michigan",26081,county,2025-04-04,case_lab-confirmed,1
"Kent, Michigan",26081,county,2025-07-02,case_lab-confirmed,1
"Kent, Michigan",26081,county,2025-07-24,case_lab-confirmed,2
"Kern, California",6029,county,2026-08-06,case_lab-confirmed,2
"King, Washington",53033,county,2025-02-27,case_lab-confirmed,1
"King, Washington",53033,county,2025-04-11,case_lab-confirmed,1
"King, Washington",53033,county,2025-04-24,case_lab-confirmed,1
"King, Washington",53033,county,2025-05-20,case_lab-confirmed,1
"King, Washington",53033,county,2025-06-24,case_lab-confirmed,2
"King, Washington",53033,county,2025-10-28,case_lab-confirmed,1
"King, Washington",53033,county,2026-04-01,case_lab-confirmed,2
"King, Washington",53033,county,2026-04-10,case_lab-confirmed,1
"Kiowa, Kansas",20097,county,2025-03-31,case_lab-confirmed,6
"Kittitas, Washington",53037,county,2026-01-16,case_lab-confirmed,1
"Kittitas, Washington",53037,county,2026-04-03,case_lab-confirmed,1
"Kittitas, Washington",53037,county,2026-04-13,case_lab-confirmed,2
"Kittitas, Washington",53037,county,2026-04-14,case_lab-confirmed,1
"Kittitas, Washington",53037,county,2026-04-29,case_lab-confirmed,2
"Knox, Ohio",39083,county,2025-03-31,case_lab-confirmed,6
"Knox, Ohio",39083,county,2025-04-02,case_lab-confirmed,1
"Knox, Ohio",39083,county,2025-04-06,case_lab-confirmed,1
"Knox, Ohio",39083,county,2025-04-09,case_lab-confirmed,6
"Knox, Ohio",39083,county,2026-07-25,case_lab-confirmed,1
"Knox, Ohio",39083,county,2026-08-21,case_lab-confirmed,1
"Knox, Ohio",39083,county,2026-08-28,case_lab-confirmed,2
"Kootenai, Idaho",16055,county,2025-08-12,case_lab-confirmed,1
"Kootenai, Idaho",16055,county,2026-03-09,case_lab-confirmed,1
"Lafayette, Wisconsin",55065,county,2026-08-13,case_lab-confirmed,1
"Lafayette, Wisconsin",55065,county,2026-08-20,case_lab-confirmed,9
"Lafayette, Wisconsin",55065,county,2026-08-28,case_lab-confirmed,30
"Lafayette, Wisconsin",55065,county,2026-09-04,case_lab-confirmed,22
"Lake, Colorado",8065,county,2026-04-22,case_lab-confirmed,1
"Lake, Colorado",8065,county,2026-04-23,case_lab-confirmed,3
"Lake, Colorado",8065,county,2026-05-19,case_lab-confirmed,2
"Lake, Indiana",18089,county,2025-10-17,case_lab-confirmed,1
"Lake, Indiana",18089,county,2025-10-31,case_lab-confirmed,1
"Lamar, Texas",48277,county,2025-03-20,case_lab-confirmed,10
"Lamar, Texas",48277,county,2025-04-04,case_lab-confirmed,1
"Lamar, Texas",48277,county,2025-04-25,case_lab-confirmed,3
"Lamar, Texas",48277,county,2025-04-29,case_lab-confirmed,3
"Lamar, Texas",48277,county,2025-05-06,case_lab-confirmed,1
"Lamar, Texas",48277,county,2025-05-09,case_lab-confirmed,1
"Lamar, Texas",48277,county,2025-05-23,case_lab-confirmed,1
"Lamar, Texas",48277,county,2025-06-03,case_lab-confirmed,1
"Lamar, Texas",48277,county,2025-06-17,case_lab-confirmed,2
"Lamar, Texas",48277,county,2025-07-01,case_lab-confirmed,3
"Lamar, Texas",48277,county,2025-07-08,case_lab-confirmed,2
"Lamb, Texas",48279,county,2025-03-20,case_lab-confirmed,1
"Lamoille, Vermont",50015,county,2025-03-11,case_lab-confirmed,1
"Lancaster, Nebraska",31109,county,2026-01-30,case_lab-confirmed,1
"Lancaster, Pennsylvania",42071,county,2025-04-13,case_lab-confirmed,1
"Lancaster, Pennsylvania",42071,county,2026-02-03,case_lab-confirmed,5
"Lancaster, Pennsylvania",42071,county,2026-02-12,case_lab-confirmed,1
"Lancaster, Pennsylvania",42071,county,2026-02-20,case_lab-confirmed,1
"Lancaster, Pennsylvania",42071,county,2026-02-25,case_lab-confirmed,1
"Lancaster, Pennsylvania",42071,county,2026-05-27,case_lab-confirmed,10
"Lancaster, Pennsylvania",42071,county,2026-06-05,case_lab-confirmed,16
"Lancaster, Pennsylvania",42071,county,2026-06-12,case_lab-confirmed,4
"Lancaster, Pennsylvania",42071,county,2026-06-18,case_lab-confirmed,2
"Lancaster, Pennsylvania",42071,county,2026-06-26,case_lab-confirmed,9
"Lancaster, Pennsylvania",42071,county,2026-07-01,case_lab-confirmed,2
"Lancaster, Pennsylvania",42071,county,2026-07-10,case_lab-confirmed,12
"Lancaster, Pennsylvania",42071,county,2026-07-17,case_lab-confirmed,5
"Lancaster, Pennsylvania",42071,county,2026-07-20,case_lab-confirmed,1
"Lancaster, Pennsylvania",42071,county,2026-07-22,case_lab-confirmed,10
"Lancaster, Pennsylvania",42071,county,2026-07-31,case_lab-confirmed,19
"Lancaster, Pennsylvania",42071,county,2026-08-07,case_lab-confirmed,34
"Lancaster, Pennsylvania",42071,county,2026-08-14,case_lab-confirmed,28
"Lancaster, Pennsylvania",42071,county,2026-08-21,case_lab-confirmed,20
"Lancaster, Pennsylvania",42071,county,2026-08-28,case_lab-confirmed,30
"Lancaster, Pennsylvania",42071,county,2026-08-31,case_lab-confirmed,17
"Lancaster, Pennsylvania",42071,county,2026-09-04,case_lab-confirmed,19
"Larimer, Colorado",8069,county,2026-07-03,case_lab-confirmed,1
"Lea, New Mexico",35025,county,2025-02-11,case_lab-confirmed,1
"Lea, New Mexico",35025,county,2025-02-14,case_lab-confirmed,2
"Lea, New Mexico",35025,county,2025-03-07,case_lab-confirmed,27
"Lea, New Mexico",35025,county,2025-03-11,case_lab-confirmed,2
"Lea, New Mexico",35025,county,2025-04-04,case_lab-confirmed,20
"Lea, New Mexico",35025,county,2025-04-08,case_lab-confirmed,1
"Lea, New Mexico",35025,county,2025-04-11,case_lab-confirmed,2
"Lea, New Mexico",35025,county,2025-04-15,case_lab-confirmed,4
"Lea, New Mexico",35025,county,2025-04-23,case_lab-confirmed,2
"Lea, New Mexico",35025,county,2025-05-09,case_lab-confirmed,3
"Lea, New Mexico",35025,county,2025-05-16,case_lab-confirmed,1
"Lea, New Mexico",35025,county,2025-05-27,case_lab-confirmed,1
"Lea, New Mexico",35025,county,2025-06-03,case_lab-confirmed,1
"Lebanon, Pennsylvania",42075,county,2026-05-06,case_lab-confirmed,11
"Lebanon, Pennsylvania",42075,county,2026-05-27,case_lab-confirmed,3
"Lebanon, Pennsylvania",42075,county,2026-06-05,case_lab-confirmed,5
"Lebanon, Pennsylvania",42075,county,2026-06-18,case_lab-confirmed,1
"Lebanon, Pennsylvania",42075,county,2026-08-21,case_lab-confirmed,1
"Lee, Florida",12071,county,2026-01-30,case_lab-confirmed,1
"Lee, Florida",12071,county,2026-02-21,case_lab-confirmed,1
"Lee, Florida",12071,county,2026-03-14,case_lab-confirmed,1
"Lehigh, Pennsylvania",42077,county,2026-08-07,case_lab-confirmed,2
"Leon, Florida",12073,county,2025-06-07,case_lab-confirmed,1
"Leon, Florida",12073,county,2025-06-28,case_lab-confirmed,1
"Lewis and Clark, Montana",30049,county,2025-08-12,case_lab-confirmed,1
"Lewis and Clark, Montana",30049,county,2025-08-24,case_lab-confirmed,1
"Lewis and Clark, Montana",30049,county,2026-03-15,case_lab-confirmed,3
"Lewis and Clark, Montana",30049,county,2026-03-22,case_lab-confirmed,2
"Lincoln, North Carolina",37109,county,2026-02-06,case_lab-confirmed,1
"Lincoln, South Dakota",46083,county,2025-06-21,case_lab-confirmed,2
"Lincoln, South Dakota",46083,county,2025-06-28,case_lab-confirmed,6
"Linn, Oregon",41043,county,2026-01-12,case_lab-confirmed,2
"Los Angeles, California",6037,county,2025-03-11,case_lab-confirmed,1
"Los Angeles, California",6037,county,2025-04-25,case_lab-confirmed,1
"Los Angeles, California",6037,county,2025-05-07,case_lab-confirmed,1
"Los Angeles, California",6037,county,2025-06-06,case_lab-confirmed,1
"Los Angeles, California",6037,county,2025-06-12,case_lab-confirmed,1
"Los Angeles, California",6037,county,2026-01-30,case_lab-confirmed,1
"Los Angeles, California",6037,county,2026-01-31,case_lab-confirmed,1
"Los Angeles, California",6037,county,2026-02-02,case_lab-confirmed,1
"Los Angeles, California",6037,county,2026-02-19,case_lab-confirmed,1
"Los Angeles, California",6037,county,2026-05-18,case_lab-confirmed,1
"Los Angeles, California",6037,county,2026-06-24,case_lab-confirmed,1
"Los Angeles, California",6037,county,2026-07-08,case_lab-confirmed,1
"Lubbock, Texas",48303,county,2025-02-18,case_lab-confirmed,1
"Lubbock, Texas",48303,county,2025-02-28,case_lab-confirmed,1
"Lubbock, Texas",48303,county,2025-03-18,case_lab-confirmed,3
"Lubbock, Texas",48303,county,2025-03-20,case_lab-confirmed,18
"Lubbock, Texas",48303,county,2025-04-02,case_lab-confirmed,4
"Lubbock, Texas",48303,county,2025-04-04,case_lab-confirmed,6
"Lubbock, Texas",48303,county,2025-04-08,case_lab-confirmed,3
"Lubbock, Texas",48303,county,2025-04-11,case_lab-confirmed,2
"Lubbock, Texas",48303,county,2025-04-15,case_lab-confirmed,3
"Lubbock, Texas",48303,county,2025-04-18,case_lab-confirmed,1
"Lubbock, Texas",48303,county,2025-04-23,case_lab-confirmed,5
"Lubbock, Texas",48303,county,2025-04-29,case_lab-confirmed,1
"Lubbock, Texas",48303,county,2025-05-02,case_lab-confirmed,2
"Lubbock, Texas",48303,county,2025-05-06,case_lab-confirmed,1
"Lubbock, Texas",48303,county,2025-05-13,case_lab-confirmed,1
"Lubbock, Texas",48303,county,2026-03-13,case_lab-confirmed,1
"Luna, New Mexico",35029,county,2025-06-27,case_lab-confirmed,5
"Luna, New Mexico",35029,county,2025-07-01,case_lab-confirmed,8
"Luna, New Mexico",35029,county,2025-07-03,case_lab-confirmed,1
"Luna, New Mexico",35029,county,2026-02-24,case_lab-confirmed,2
"Luna, New Mexico",35029,county,2026-03-09,case_lab-confirmed,3
"Luna, New Mexico",35029,county,2026-03-11,case_lab-confirmed,3
"Luna, New Mexico",35029,county,2026-03-22,case_lab-confirmed,3
"Luna, New Mexico",35029,county,2026-05-26,case_lab-confirmed,1
"Lycoming, Pennsylvania",42081,county,2026-08-21,case_lab-confirmed,1
"Lycoming, Pennsylvania",42081,county,2026-08-28,case_lab-confirmed,2
"Lynn, Texas",48305,county,2025-02-14,case_lab-confirmed,1
"Lynn, Texas",48305,county,2025-02-28,case_lab-confirmed,1
"Macomb, Michigan",26099,county,2025-04-04,case_lab-confirmed,1
"Macomb, Michigan",26099,county,2025-06-11,case_lab-confirmed,1
"Macomb, Michigan",26099,county,2026-04-23,case_lab-confirmed,1
"Macomb, Michigan",26099,county,2026-05-07,case_lab-confirmed,1
"Madison, Idaho",16065,county,2026-01-09,case_lab-confirmed,1
"Madison, Idaho",16065,county,2026-01-11,case_lab-confirmed,2
"Manatee, Florida",12081,county,2026-01-06,case_lab-confirmed,1
"Manatee, Florida",12081,county,2026-02-07,case_lab-confirmed,2
"Maricopa, Arizona",4013,county,2026-01-20,case_lab-confirmed,1
"Maricopa, Arizona",4013,county,2026-02-03,case_lab-confirmed,2
"Maricopa, Arizona",4013,county,2026-02-17,case_lab-confirmed,1
"Maricopa, Arizona",4013,county,2026-04-14,case_lab-confirmed,1
"Maricopa, Arizona",4013,county,2026-04-21,case_lab-confirmed,4
"Maricopa, Arizona",4013,county,2026-04-28,case_lab-confirmed,1
"Maricopa, Arizona",4013,county,2026-05-12,case_lab-confirmed,4
"Maricopa, Arizona",4013,county,2026-05-19,case_lab-confirmed,1
"Maricopa, Arizona",4013,county,2026-06-23,case_lab-confirmed,1
"Maricopa, Arizona",4013,county,2026-07-07,case_lab-confirmed,1
"Maricopa, Arizona",4013,county,2026-07-14,case_lab-confirmed,1
"Maricopa, Arizona",4013,county,2026-07-17,case_lab-confirmed,3
"Maricopa, Arizona",4013,county,2026-07-22,case_lab-confirmed,4
"Maricopa, Arizona",4013,county,2026-08-04,case_lab-confirmed,1
"Maricopa, Arizona",4013,county,2026-08-11,case_lab-confirmed,1
"Marquette, Michigan",26103,county,2025-05-30,case_lab-confirmed,1
"Marquette, Michigan",26103,county,2025-06-02,case_lab-confirmed,1
"Martin, Texas",48317,county,2025-02-25,case_lab-confirmed,3
"McKean, Pennsylvania",42083,county,2026-09-04,case_lab-confirmed,3
"McLennan, Texas",48309,county,2025-05-23,case_lab-confirmed,1
"McLennan, Texas",48309,county,2025-05-30,case_lab-confirmed,7
"McLennan, Texas",48309,county,2025-06-17,case_lab-confirmed,1
"Meade, South Dakota",46093,county,2025-06-02,case_lab-confirmed,1
"Meade, South Dakota",46093,county,2025-06-14,case_lab-confirmed,1
"Mecklenburg, North Carolina",37119,county,2026-01-23,case_lab-confirmed,2
"Mecklenburg, North Carolina",37119,county,2026-01-30,case_lab-confirmed,1
"Meigs, Ohio",39105,county,2026-08-21,case_lab-confirmed,4
"Memphis-Shelby County Region, Tennessee",,county,2026-07-05,case_lab-confirmed,1
"Mercer, Pennsylvania",42085,county,2026-08-21,case_lab-confirmed,1
"Mercer, Pennsylvania",42085,county,2026-08-28,case_lab-confirmed,2
"Mercer, Pennsylvania",42085,county,2026-09-04,case_lab-confirmed,1
"Mesa, Colorado",8077,county,2025-08-15,case_lab-confirmed,1
"Mesa, Colorado",8077,county,2025-08-18,case_lab-confirmed,1
"Mesa, Colorado",8077,county,2025-08-30,case_lab-confirmed,5
"Mesa, Colorado",8077,county,2025-10-15,case_lab-confirmed,4
"Metro East , Illinois",17,county,2026-02-18,case_lab-confirmed,1
"Miami-Dade, Florida",12086,county,2025-03-06,case_lab-confirmed,1
"Miami-Dade, Florida",12086,county,2026-01-27,case_lab-confirmed,1
"Mid-Cumberland Region, Tennessee",0,county,2025-03-17,case_lab-confirmed,1
"Mid-Cumberland Region, Tennessee",0,county,2025-03-28,case_lab-confirmed,1
"Mid-Cumberland Region, Tennessee",0,county,2025-09-08,case_lab-confirmed,1
"Mid-Cumberland Region, Tennessee",0,county,2026-07-10,case_lab-confirmed,1
"Midland, Texas",48329,county,2025-03-20,case_lab-confirmed,1
"Midland, Texas",48329,county,2025-04-15,case_lab-confirmed,1
"Midland, Texas",48329,county,2025-04-23,case_lab-confirmed,1
"Midland, Texas",48329,county,2025-05-23,case_lab-confirmed,2
"Midland, Texas",48329,county,2025-06-10,case_lab-confirmed,1
"Midland, Texas",48329,county,2025-08-07,case_lab-confirmed,1
"Mifflin, Pennsylvania",42087,county,2026-07-22,case_lab-confirmed,1
"Mifflin, Pennsylvania",42087,county,2026-08-07,case_lab-confirmed,5
"Mifflin, Pennsylvania",42087,county,2026-08-14,case_lab-confirmed,8
"Mifflin, Pennsylvania",42087,county,2026-08-21,case_lab-confirmed,11
"Mifflin, Pennsylvania",42087,county,2026-08-28,case_lab-confirmed,18
"Mifflin, Pennsylvania",42087,county,2026-09-04,case_lab-confirmed,14
"Missaukee, Michigan",26113,county,2026-08-13,case_lab-confirmed,1
"Mohave, Arizona",4015,county,2025-08-12,case_lab-confirmed,1
"Mohave, Arizona",4015,county,2025-08-19,case_lab-confirmed,8
"Mohave, Arizona",4015,county,2025-08-26,case_lab-confirmed,3
"Mohave, Arizona",4015,county,2025-09-02,case_lab-confirmed,12
"Mohave, Arizona",4015,county,2025-09-09,case_lab-confirmed,6
"Mohave, Arizona",4015,county,2025-09-16,case_lab-confirmed,12
"Mohave, Arizona",4015,county,2025-09-23,case_lab-confirmed,6
"Mohave, Arizona",4015,county,2025-09-30,case_lab-confirmed,7
"Mohave, Arizona",4015,county,2025-10-07,case_lab-confirmed,4
"Mohave, Arizona",4015,county,2025-10-14,case_lab-confirmed,14
"Mohave, Arizona",4015,county,2025-10-21,case_lab-confirmed,7
"Mohave, Arizona",4015,county,2025-10-28,case_lab-confirmed,13
"Mohave, Arizona",4015,county,2025-11-04,case_lab-confirmed,14
"Mohave, Arizona",4015,county,2025-11-11,case_lab-confirmed,17
"Mohave, Arizona",4015,county,2025-11-18,case_lab-confirmed,9
"Mohave, Arizona",4015,county,2025-11-25,case_lab-confirmed,16
"Mohave, Arizona",4015,county,2025-12-02,case_lab-confirmed,2
"Mohave, Arizona",4015,county,2025-12-09,case_lab-confirmed,21
"Mohave, Arizona",4015,county,2025-12-16,case_lab-confirmed,14
"Mohave, Arizona",4015,county,2025-12-23,case_lab-confirmed,5
"Mohave, Arizona",4015,county,2025-12-30,case_lab-confirmed,9
"Mohave, Arizona",4015,county,2025-12-31,case_lab-confirmed,16
"Mohave, Arizona",4015,county,2026-01-13,case_lab-confirmed,1
"Mohave, Arizona",4015,county,2026-01-20,case_lab-confirmed,5
"Mohave, Arizona",4015,county,2026-01-27,case_lab-confirmed,9
"Mohave, Arizona",4015,county,2026-02-03,case_lab-confirmed,8
"Mohave, Arizona",4015,county,2026-02-10,case_lab-confirmed,10
"Mohave, Arizona",4015,county,2026-02-17,case_lab-confirmed,5
"Mohave, Arizona",4015,county,2026-02-24,case_lab-confirmed,6
"Mohave, Arizona",4015,county,2026-03-03,case_lab-confirmed,1
"Mohave, Arizona",4015,county,2026-03-17,case_lab-confirmed,2
"Mohave, Arizona",4015,county,2026-03-24,case_lab-confirmed,1
"Mohave, Arizona",4015,county,2026-03-31,case_lab-confirmed,10
"Mohave, Arizona",4015,county,2026-04-07,case_lab-confirmed,1
"Mohave, Arizona",4015,county,2026-04-14,case_lab-confirmed,6
"Mohave, Arizona",4015,county,2026-04-21,case_lab-confirmed,1
"Mohave, Arizona",4015,county,2026-05-06,case_lab-confirmed,3
"Monroe, Michigan",26115,county,2026-04-02,case_lab-confirmed,1
"Montcalm, Michigan",26117,county,2025-04-10,case_lab-confirmed,1
"Montcalm, Michigan",26117,county,2025-04-17,case_lab-confirmed,2
"Montcalm, Michigan",26117,county,2025-04-23,case_lab-confirmed,1
"Montezuma, Colorado",8083,county,2025-11-13,case_lab-confirmed,1
"Montezuma, Colorado",8083,county,2025-12-05,case_lab-confirmed,1
"Montezuma, Colorado",8083,county,2025-12-15,case_lab-confirmed,2
"Montgomery, Pennsylvania",42091,county,2025-03-02,case_lab-confirmed,1
"Montgomery, Pennsylvania",42091,county,2026-02-05,case_lab-confirmed,1
"Montgomery, Pennsylvania",42091,county,2026-02-21,case_lab-confirmed,1
"Montgomery, Pennsylvania",42091,county,2026-02-24,case_lab-confirmed,1
"Montgomery, Texas",48339,county,2026-07-21,case_lab-confirmed,3
"Montgomery, Texas",48339,county,2026-08-07,case_lab-confirmed,1
"Montour, Pennsylvania",42093,county,2026-08-31,case_lab-confirmed,1
"Morgan, Ohio",39115,county,2026-09-04,case_lab-confirmed,1
"Multnomah, Oregon",41051,county,2025-06-24,case_lab-confirmed,1
"Muskegon, Michigan",26121,county,2025-06-26,case_lab-confirmed,1
"Muskegon, Michigan",26121,county,2025-10-09,case_lab-confirmed,1
"Muskegon, Michigan",26121,county,2025-10-23,case_lab-confirmed,1
"Muskingum, Ohio",39119,county,2025-08-29,case_lab-confirmed,3
"Napa, California",6055,county,2026-01-21,case_lab-confirmed,1
"Nash, North Carolina",37127,county,2026-01-30,case_lab-confirmed,1
"Nashville-Davidson County Region, Tennessee",0,county,2025-11-02,case_lab-confirmed,1
"Nashville-Davidson County Region, Tennessee",0,county,2026-07-10,case_lab-confirmed,1
"Natrona, Wyoming",56025,county,2025-07-01,case_lab-confirmed,1
"Navajo, Arizona",4017,county,2025-06-09,case_lab-confirmed,4
"New Madrid, Missouri",29143,county,2025-05-06,case_lab-confirmed,1
"New York City, New York",36061,county,2025-01-31,case_lab-confirmed,1
"New York City, New York",36061,county,2025-02-26,case_lab-confirmed,1
"New York City, New York",36061,county,2025-03-20,case_lab-confirmed,1
"New York City, New York",36061,county,2025-05-16,case_lab-confirmed,3
"New York City, New York",36061,county,2025-07-11,case_lab-confirmed,1
"New York City, New York",36061,county,2025-08-01,case_lab-confirmed,1
"New York City, New York",36061,county,2025-08-18,case_lab-confirmed,1
"New York City, New York",36061,county,2025-09-08,case_lab-confirmed,3
"New York City, New York",36061,county,2025-09-12,case_lab-confirmed,1
"New York City, New York",36061,county,2025-09-19,case_lab-confirmed,2
"New York City, New York",36061,county,2025-09-26,case_lab-confirmed,1
"New York City, New York",36061,county,2025-10-17,case_lab-confirmed,2
"New York City, New York",36061,county,2025-11-28,case_lab-confirmed,1
"New York City, New York",36061,county,2025-12-05,case_lab-confirmed,1
"New York City, New York",36061,county,2026-02-13,case_lab-confirmed,1
"New York City, New York",36061,county,2026-03-12,case_lab-confirmed,2
"New York City, New York",36061,county,2026-03-27,case_lab-confirmed,1
"New York City, New York",36061,county,2026-05-08,case_lab-confirmed,2
"Niobrara, Wyoming",56027,county,2025-07-11,case_lab-confirmed,1
"North, Alabama",1,county,2025-08-25,case_lab-confirmed,1
"Northern Region, Virginia",0,county,2026-01-10,case_lab-confirmed,1
"Northern Region, Virginia",0,county,2026-01-20,case_lab-confirmed,2
"Northern Region, Virginia",0,county,2026-01-22,case_lab-confirmed,2
"Northern Region, Virginia",0,county,2026-02-13,case_lab-confirmed,1
"Northern Region, Virginia",0,county,2026-02-19,case_lab-confirmed,3
"Northumberland, Pennsylvania",42097,county,2026-06-26,case_lab-confirmed,6
"Northumberland, Pennsylvania",42097,county,2026-07-31,case_lab-confirmed,1
"Northwest Region, Virginia",0,county,2025-04-15,case_lab-confirmed,1
"Northwest Region, Virginia",0,county,2025-05-23,case_lab-confirmed,1
"Northwest Region, Virginia",0,county,2025-06-05,case_lab-confirmed,1
"Northwest Region, Virginia",0,county,2026-04-21,case_lab-confirmed,2
"Northwest Region, Virginia",0,county,2026-04-29,case_lab-confirmed,2
"Northwest Region, Virginia",0,county,2026-05-05,case_lab-confirmed,2
"Oakland, Michigan",26125,county,2025-03-14,case_lab-confirmed,1
"Oakland, Michigan",26125,county,2025-12-16,case_lab-confirmed,1
"Ocean, New Jersey",34029,county,2025-07-10,case_lab-confirmed,1
"Oconto, Wisconsin",55083,county,2025-07-13,case_lab-confirmed,1
"Oconto, Wisconsin",55083,county,2025-07-20,case_lab-confirmed,4
"Oconto, Wisconsin",55083,county,2025-07-27,case_lab-confirmed,4
"Oconto, Wisconsin",55083,county,2025-08-10,case_lab-confirmed,2
"Oconto, Wisconsin",55083,county,2025-08-17,case_lab-confirmed,13
"Oconto, Wisconsin",55083,county,2025-08-24,case_lab-confirmed,3
"Oconto, Wisconsin",55083,county,2025-08-31,case_lab-confirmed,8
"Oconto, Wisconsin",55083,county,2025-09-07,case_lab-confirmed,1
"Okaloosa, Florida",12091,county,2025-11-11,case_lab-confirmed,1
"Olmsted, Minnesota",27109,county,2025-10-17,case_lab-confirmed,1
"Ontario, New York",36069,county,2025-05-27,case_lab-confirmed,1
"Orange, California",6059,county,2025-02-25,case_lab-confirmed,1
"Orange, California",6059,county,2025-09-29,case_lab-confirmed,1
"Orange, California",6059,county,2026-01-28,case_lab-confirmed,1
"Orange, California",6059,county,2026-01-30,case_lab-confirmed,1
"Orange, California",6059,county,2026-04-30,case_lab-confirmed,1
"Orange, California",6059,county,2026-07-23,case_lab-confirmed,1
"Orange, California",6059,county,2026-08-04,case_lab-confirmed,1
"Orange, California",6059,county,2026-08-19,case_lab-confirmed,1
"Orange, Florida",12095,county,2026-05-16,case_lab-confirmed,2
"Orange, Florida",12095,county,2026-05-23,case_lab-confirmed,1
"Orange, New York",36071,county,2025-05-10,case_lab-confirmed,3
"Orange, New York",36071,county,2025-05-27,case_lab-confirmed,1
"Osceola, Florida",12097,county,2026-03-14,case_lab-confirmed,1
"Osceola, Michigan",26133,county,2025-07-24,case_lab-confirmed,2
"Osceola, Michigan",26133,county,2025-07-31,case_lab-confirmed,5
"Osceola, Michigan",26133,county,2026-08-06,case_lab-confirmed,1
"Otsego, New York",36077,county,2026-08-19,case_lab-confirmed,1
"Ottawa, Michigan",26139,county,2026-04-23,case_lab-confirmed,1
"Ottawa, Michigan",26139,county,2026-05-07,case_lab-confirmed,2
"Ottawa, Michigan",26139,county,2026-05-21,case_lab-confirmed,1
"Ottawa, Ohio",39123,county,2026-03-09,case_lab-confirmed,1
"Owen, Kentucky",21187,county,2026-08-21,case_lab-confirmed,1
"Owen, Kentucky",21187,county,2026-09-04,case_lab-confirmed,1
"Palm Beach, Florida",12099,county,2026-04-25,case_lab-confirmed,1
"Palm Beach, Florida",12099,county,2026-05-02,case_lab-confirmed,1
"Palm Beach, Florida",12099,county,2026-05-09,case_lab-confirmed,1
"Park, Wyoming",56029,county,2025-12-19,case_lab-confirmed,1
"Parke, Indiana",18121,county,2026-08-04,case_lab-confirmed,2
"Parke, Indiana",18121,county,2026-08-25,case_lab-confirmed,1
"Parmer, Texas",48369,county,2025-04-18,case_lab-confirmed,4
"Parmer, Texas",48369,county,2025-05-06,case_lab-confirmed,1
"Pasco, Florida",12101,county,2026-03-07,case_lab-confirmed,1
"Pasco, Florida",12101,county,2026-03-21,case_lab-confirmed,2
"Passaic, New Jersey",34031,county,2025-08-02,case_lab-confirmed,1
"Pawnee, Kansas",20145,county,2025-06-02,case_lab-confirmed,7
"Pembina, North Dakota",38067,county,2026-02-09,case_lab-confirmed,1
"Pembina, North Dakota",38067,county,2026-02-10,case_lab-confirmed,1
"Pembina, North Dakota",38067,county,2026-02-11,case_lab-confirmed,7
"Pembina, North Dakota",38067,county,2026-02-13,case_lab-confirmed,3
"Pembina, North Dakota",38067,county,2026-02-15,case_lab-confirmed,1
"Pembina, North Dakota",38067,county,2026-02-19,case_lab-confirmed,2
"Pembina, North Dakota",38067,county,2026-02-20,case_lab-confirmed,1
"Pembina, North Dakota",38067,county,2026-02-24,case_lab-confirmed,3
"Pembina, North Dakota",38067,county,2026-02-25,case_lab-confirmed,2
"Pembina, North Dakota",38067,county,2026-03-05,case_lab-confirmed,2
"Pennington, South Dakota",46103,county,2025-05-31,case_lab-confirmed,1
"Pennington, South Dakota",46103,county,2025-06-07,case_lab-confirmed,1
"Penobscot, Maine",23019,county,2026-02-06,case_lab-confirmed,1
"Penobscot, Maine",23019,county,2026-02-17,case_lab-confirmed,4
"Perry, Pennsylvania",42099,county,2026-07-31,case_lab-confirmed,1
"Perry, Pennsylvania",42099,county,2026-08-07,case_lab-confirmed,3
"Philadelphia, Pennsylvania",42101,county,2025-03-31,case_lab-confirmed,1
"Philadelphia, Pennsylvania",42101,county,2025-04-11,case_lab-confirmed,1
"Pickens, South Carolina",45077,county,2026-03-19,case_lab-confirmed,6
"Pima, Arizona",4019,county,2025-12-31,case_lab-confirmed,1
"Pima, Arizona",4019,county,2026-01-20,case_lab-confirmed,1
"Pima, Arizona",4019,county,2026-02-10,case_lab-confirmed,1
"Pima, Arizona",4019,county,2026-07-22,case_lab-confirmed,1
"Pinal, Arizona",4021,county,2026-01-20,case_lab-confirmed,2
"Pinal, Arizona",4021,county,2026-01-27,case_lab-confirmed,1
"Pinal, Arizona",4021,county,2026-04-28,case_lab-confirmed,1
"Pinal, Arizona",4021,county,2026-05-26,case_lab-confirmed,1
"Pinal, Arizona",4021,county,2026-06-23,case_lab-confirmed,1
"Pinal, Arizona",4021,county,2026-06-30,case_lab-confirmed,3
"Pinal, Arizona",4021,county,2026-07-07,case_lab-confirmed,7
"Pinal, Arizona",4021,county,2026-07-14,case_lab-confirmed,1
"Pinal, Arizona",4021,county,2026-07-28,case_lab-confirmed,1
"Pinellas, Florida",12103,county,2026-02-07,case_lab-confirmed,1
"Pinellas, Florida",12103,county,2026-02-14,case_lab-confirmed,2
"Pinellas, Florida",12103,county,2026-02-21,case_lab-confirmed,2
"Pinellas, Florida",12103,county,2026-03-07,case_lab-confirmed,1
"Placer, California",6061,county,2025-03-31,case_lab-confirmed,1
"Placer, California",6061,county,2026-03-02,case_lab-confirmed,3
"Placer, California",6061,county,2026-03-05,case_lab-confirmed,1
"Placer, California",6061,county,2026-03-25,case_lab-confirmed,4
"Platte, Nebraska",31141,county,2025-12-30,case_lab-confirmed,1
"Polk, Florida",12105,county,2026-06-06,case_lab-confirmed,1
"Polk, North Carolina",37149,county,2025-12-31,case_lab-confirmed,1
"Polk, North Carolina",37149,county,2026-01-23,case_lab-confirmed,1
"Polk, North Carolina",37149,county,2026-02-06,case_lab-confirmed,1
"Polk, North Carolina",37149,county,2026-02-12,case_lab-confirmed,1
"Polk, North Carolina",37149,county,2026-02-20,case_lab-confirmed,1
"Potter, Pennsylvania",42105,county,2026-08-28,case_lab-confirmed,4
"Potter, Pennsylvania",42105,county,2026-09-04,case_lab-confirmed,2
"Potter, Texas",48375,county,2025-04-18,case_lab-confirmed,1
"Potter, Texas",48375,county,2026-08-07,case_lab-confirmed,1
"Prince George's, Maryland",24033,county,2025-03-10,case_lab-confirmed,2
"Prince George's, Maryland",24033,county,2026-06-20,case_lab-confirmed,1
"Providence, Rhode Island",44007,county,2025-01-18,case_lab-confirmed,1
"Providence, Rhode Island",44007,county,2026-04-18,case_lab-confirmed,1
"Providence, Rhode Island",44007,county,2026-04-25,case_lab-confirmed,1
"Pueblo, Colorado",8101,county,2025-03-31,case_lab-confirmed,1
"Putnam, Indiana",18133,county,2025-07-08,case_lab-confirmed,1
"Putnam, New York",36079,county,2025-06-03,case_lab-confirmed,1
"Rains, Texas",48379,county,2025-09-04,case_lab-confirmed,1
"Randall, Texas",48381,county,2025-04-08,case_lab-confirmed,1
"Randall, Texas",48381,county,2025-05-20,case_lab-confirmed,1
"Randall, Texas",48381,county,2025-05-23,case_lab-confirmed,1
"Randall, Texas",48381,county,2026-07-16,case_lab-confirmed,1
"Ransom, North Dakota",38073,county,2026-03-23,case_lab-confirmed,1
"Ransom, North Dakota",38073,county,2026-03-30,case_lab-confirmed,1
"Ransom, North Dakota",38073,county,2026-03-31,case_lab-confirmed,2
"Ransom, North Dakota",38073,county,2026-04-01,case_lab-confirmed,2
"Reeves, Texas",48389,county,2025-04-15,case_lab-confirmed,1
"Reeves, Texas",48389,county,2025-05-30,case_lab-confirmed,1
"Region 1, Louisiana",22071,county,2025-04-19,case_lab-confirmed,1
"Region 1, Louisiana",22071,county,2025-04-22,case_lab-confirmed,1
"Region 1, Louisiana",22071,county,2026-04-22,case_lab-confirmed,1
"Region 9, Louisiana",0,county,2025-11-10,case_lab-confirmed,1
"Riverside, California",6065,county,2025-04-03,case_lab-confirmed,1
"Riverside, California",6065,county,2026-02-09,case_lab-confirmed,1
"Riverside, California",6065,county,2026-02-13,case_lab-confirmed,2
"Riverside, California",6065,county,2026-04-27,case_lab-confirmed,2
"Rockland, New York",36087,county,2025-08-25,case_lab-confirmed,1
"Rockland, New York",36087,county,2025-10-24,case_lab-confirmed,1
"Rockland, New York",36087,county,2025-11-07,case_lab-confirmed,1
"Rockland, New York",36087,county,2025-11-12,case_lab-confirmed,2
"Rockland, New York",36087,county,2025-11-21,case_lab-confirmed,3
"Rockland, New York",36087,county,2025-11-28,case_lab-confirmed,1
"Rockland, New York",36087,county,2025-12-05,case_lab-confirmed,4
"Rockland, New York",36087,county,2025-12-12,case_lab-confirmed,4
"Rockland, New York",36087,county,2025-12-16,case_lab-confirmed,1
"Rockland, New York",36087,county,2025-12-19,case_lab-confirmed,3
"Rockland, New York",36087,county,2026-03-02,case_lab-confirmed,3
"Rockland, New York",36087,county,2026-03-13,case_lab-confirmed,1
"Rockwall, Texas",48397,county,2025-03-20,case_lab-confirmed,1
"Rockwall, Texas",48397,county,2025-04-23,case_lab-confirmed,1
"Rockwall, Texas",48397,county,2026-02-23,case_lab-confirmed,6
"Rutherford, North Carolina",37161,county,2025-01-23,case_lab-confirmed,1
"Sacramento, California",6067,county,2025-06-16,case_lab-confirmed,1
"Sacramento, California",6067,county,2026-03-04,case_lab-confirmed,2
"Sacramento, California",6067,county,2026-04-06,case_lab-confirmed,2
"Sacramento, California",6067,county,2026-04-13,case_lab-confirmed,4
"Sacramento, California",6067,county,2026-04-20,case_lab-confirmed,3
"Sacramento, California",6067,county,2026-04-27,case_lab-confirmed,1
"Saguache, Colorado",8109,county,2026-03-30,case_lab-confirmed,1
"Saline, Arkansas",5125,county,2025-04-10,case_lab-confirmed,1
"Salt Lake, Utah",49035,county,2025-11-18,case_lab-confirmed,1
"Salt Lake, Utah",49035,county,2025-11-25,case_lab-confirmed,1
"Salt Lake, Utah",49035,county,2025-12-09,case_lab-confirmed,1
"Salt Lake, Utah",49035,county,2025-12-23,case_lab-confirmed,1
"Salt Lake, Utah",49035,county,2025-12-30,case_lab-confirmed,1
"Salt Lake, Utah",49035,county,2026-01-13,case_lab-confirmed,1
"Salt Lake, Utah",49035,county,2026-01-20,case_lab-confirmed,2
"Salt Lake, Utah",49035,county,2026-01-27,case_lab-confirmed,10
"Salt Lake, Utah",49035,county,2026-02-03,case_lab-confirmed,6
"Salt Lake, Utah",49035,county,2026-02-10,case_lab-confirmed,2
"Salt Lake, Utah",49035,county,2026-02-17,case_lab-confirmed,6
"Salt Lake, Utah",49035,county,2026-02-24,case_lab-confirmed,2
"Salt Lake, Utah",49035,county,2026-03-03,case_lab-confirmed,10
"Salt Lake, Utah",49035,county,2026-03-10,case_lab-confirmed,4
"Salt Lake, Utah",49035,county,2026-03-17,case_lab-confirmed,4
"Salt Lake, Utah",49035,county,2026-03-24,case_lab-confirmed,1
"Salt Lake, Utah",49035,county,2026-03-31,case_lab-confirmed,7
"Salt Lake, Utah",49035,county,2026-04-07,case_lab-confirmed,2
"Salt Lake, Utah",49035,county,2026-06-30,case_lab-confirmed,1
"Salt Lake, Utah",49035,county,2026-07-07,case_lab-confirmed,1
"Salt Lake, Utah",49035,county,2026-07-14,case_lab-confirmed,1
"Salt Lake, Utah",49035,county,2026-07-21,case_lab-confirmed,1
"Saluda, South Carolina",45081,county,2026-04-17,case_lab-confirmed,1
"Saluda, South Carolina",45081,county,2026-05-04,case_lab-confirmed,1
"San Diego, California",6073,county,2025-08-11,case_lab-confirmed,1
"San Francisco, California",6075,county,2026-04-15,case_lab-confirmed,1
"San Juan, New Mexico",35045,county,2025-06-03,case_lab-confirmed,1
"San Juan, Utah",49037,county,2026-02-03,case_lab-confirmed,3
"San Luis Obispo, California",6079,county,2025-12-17,case_lab-confirmed,1
"San Mateo, California",6081,county,2025-03-31,case_lab-confirmed,1
"San Mateo, California",6081,county,2026-01-21,case_lab-confirmed,1
"San Mateo, California",6081,county,2026-01-28,case_lab-confirmed,1
"Sandoval, New Mexico",35043,county,2025-05-16,case_lab-confirmed,2
"Sandoval, New Mexico",35043,county,2025-05-23,case_lab-confirmed,4
"Santa Barbara, California",6083,county,2026-08-21,case_lab-confirmed,1
"Santa Clara, California",6085,county,2025-05-25,case_lab-confirmed,1
"Santa Clara, California",6085,county,2026-02-25,case_lab-confirmed,1
"Santa Clara, California",6085,county,2026-06-08,case_lab-confirmed,1
"Santa Fe, New Mexico",35049,county,2025-07-22,case_lab-confirmed,1
"Santa Fe, New Mexico",35049,county,2025-07-28,case_lab-confirmed,1
"Santa Fe, New Mexico",35049,county,2025-08-10,case_lab-confirmed,3
"Scurry, Texas",48415,county,2025-05-23,case_lab-confirmed,1
"Shackelford, Texas",48417,county,2025-04-29,case_lab-confirmed,1
"Shasta, California",6089,county,2026-01-31,case_lab-confirmed,1
"Shasta, California",6089,county,2026-02-10,case_lab-confirmed,7
"Shasta, California",6089,county,2026-02-19,case_lab-confirmed,1
"Shasta, California",6089,county,2026-03-25,case_lab-confirmed,1
"Sheridan, Nebraska",31161,county,2025-05-28,case_lab-confirmed,1
"Snohomish, Washington",53061,county,2025-03-18,case_lab-confirmed,1
"Snohomish, Washington",53061,county,2025-04-02,case_lab-confirmed,1
"Snohomish, Washington",53061,county,2026-01-13,case_lab-confirmed,3
"Snohomish, Washington",53061,county,2026-01-15,case_lab-confirmed,1
"Snohomish, Washington",53061,county,2026-01-20,case_lab-confirmed,1
"Snohomish, Washington",53061,county,2026-01-23,case_lab-confirmed,1
"Snohomish, Washington",53061,county,2026-01-27,case_lab-confirmed,1
"Snohomish, Washington",53061,county,2026-02-04,case_lab-confirmed,2
"Snohomish, Washington",53061,county,2026-02-06,case_lab-confirmed,2
"Snohomish, Washington",53061,county,2026-02-09,case_lab-confirmed,1
"Snohomish, Washington",53061,county,2026-02-26,case_lab-confirmed,2
"Snyder, Pennsylvania",42109,county,2026-07-20,case_lab-confirmed,1
"Snyder, Pennsylvania",42109,county,2026-08-07,case_lab-confirmed,1
"Snyder, Pennsylvania",42109,county,2026-08-14,case_lab-confirmed,2
"Snyder, Pennsylvania",42109,county,2026-08-21,case_lab-confirmed,9
"Snyder, Pennsylvania",42109,county,2026-08-28,case_lab-confirmed,8
"Snyder, Pennsylvania",42109,county,2026-08-31,case_lab-confirmed,1
"Snyder, Pennsylvania",42109,county,2026-09-04,case_lab-confirmed,2
"Somerset, Pennsylvania",42111,county,2026-08-21,case_lab-confirmed,3
"Somerset, Pennsylvania",42111,county,2026-08-28,case_lab-confirmed,1
"Somerset, Pennsylvania",42111,county,2026-08-31,case_lab-confirmed,1
"Somerset, Pennsylvania",42111,county,2026-09-04,case_lab-confirmed,7
"South Central Connecticut, Connecticut",9170,county,2025-12-11,case_lab-confirmed,1
"Southeast Health District, Utah",0,county,2025-09-08,case_lab-confirmed,1
"Southeast Health District, Utah",0,county,2025-09-11,case_lab-confirmed,2
"Southeast Health District, Utah",0,county,2026-03-10,case_lab-confirmed,1
"Southeast Health District, Utah",0,county,2026-03-24,case_lab-confirmed,1
"Southwest Health District, Utah",0,county,2025-06-24,case_lab-confirmed,1
"Southwest Health District, Utah",0,county,2025-06-26,case_lab-confirmed,1
"Southwest Health District, Utah",0,county,2025-07-16,case_lab-confirmed,1
"Southwest Health District, Utah",0,county,2025-07-22,case_lab-confirmed,1
"Southwest Health District, Utah",0,county,2025-08-22,case_lab-confirmed,2
"Southwest Health District, Utah",0,county,2025-08-28,case_lab-confirmed,1
"Southwest Health District, Utah",0,county,2025-09-04,case_lab-confirmed,3
"Southwest Health District, Utah",0,county,2025-09-08,case_lab-confirmed,4
"Southwest Health District, Utah",0,county,2025-09-11,case_lab-confirmed,1
"Southwest Health District, Utah",0,county,2025-09-12,case_lab-confirmed,5
"Southwest Health District, Utah",0,county,2025-09-16,case_lab-confirmed,1
"Southwest Health District, Utah",0,county,2025-09-22,case_lab-confirmed,4
"Southwest Health District, Utah",0,county,2025-09-25,case_lab-confirmed,5
"Southwest Health District, Utah",0,county,2025-10-03,case_lab-confirmed,3
"Southwest Health District, Utah",0,county,2025-10-09,case_lab-confirmed,7
"Southwest Health District, Utah",0,county,2025-10-16,case_lab-confirmed,3
"Southwest Health District, Utah",0,county,2025-10-23,case_lab-confirmed,1
"Southwest Health District, Utah",0,county,2025-10-31,case_lab-confirmed,5
"Southwest Health District, Utah",0,county,2025-11-04,case_lab-confirmed,2
"Southwest Health District, Utah",0,county,2025-11-14,case_lab-confirmed,7
"Southwest Health District, Utah",0,county,2025-11-18,case_lab-confirmed,10
"Southwest Health District, Utah",0,county,2025-11-25,case_lab-confirmed,6
"Southwest Health District, Utah",0,county,2025-12-02,case_lab-confirmed,2
"Southwest Health District, Utah",0,county,2025-12-09,case_lab-confirmed,6
"Southwest Health District, Utah",0,county,2025-12-16,case_lab-confirmed,9
"Southwest Health District, Utah",0,county,2025-12-23,case_lab-confirmed,10
"Southwest Health District, Utah",0,county,2025-12-30,case_lab-confirmed,13
"Southwest Health District, Utah",0,county,2025-12-31,case_lab-confirmed,41
"Southwest Health District, Utah",0,county,2026-01-27,case_lab-confirmed,3
"Southwest Health District, Utah",0,county,2026-02-03,case_lab-confirmed,5
"Southwest Health District, Utah",0,county,2026-02-10,case_lab-confirmed,15
"Southwest Health District, Utah",0,county,2026-02-17,case_lab-confirmed,16
"Southwest Health District, Utah",0,county,2026-02-24,case_lab-confirmed,3
"Southwest Health District, Utah",0,county,2026-03-03,case_lab-confirmed,6
"Southwest Health District, Utah",0,county,2026-03-10,case_lab-confirmed,5
"Southwest Health District, Utah",0,county,2026-03-17,case_lab-confirmed,11
"Southwest Health District, Utah",0,county,2026-03-24,case_lab-confirmed,14
"Southwest Health District, Utah",0,county,2026-03-31,case_lab-confirmed,9
"Southwest Health District, Utah",0,county,2026-04-07,case_lab-confirmed,7
"Southwest Health District, Utah",0,county,2026-04-14,case_lab-confirmed,7
"Southwest Health District, Utah",0,county,2026-04-21,case_lab-confirmed,2
"Southwest Health District, Utah",0,county,2026-04-28,case_lab-confirmed,2
"Southwest Health District, Utah",0,county,2026-05-05,case_lab-confirmed,2
"Southwest Health District, Utah",0,county,2026-05-12,case_lab-confirmed,1
"Southwest Health District, Utah",0,county,2026-05-19,case_lab-confirmed,1
"Southwest Health District, Utah",0,county,2026-05-26,case_lab-confirmed,1
"Southwest Health District, Utah",0,county,2026-06-23,case_lab-confirmed,1
"Southwest Health District, Utah",0,county,2026-08-11,case_lab-confirmed,1
"Southwest Region, Virginia",,county,2026-03-06,case_lab-confirmed,3
"Southwest Region, Virginia",,county,2026-03-13,case_lab-confirmed,1
"Southwest Region, Virginia",,county,2026-03-25,case_lab-confirmed,2
"Southwest Region, Virginia",,county,2026-08-27,case_lab-confirmed,2
"Spartanburg, South Carolina",45083,county,2025-09-08,case_lab-confirmed,1
"Spartanburg, South Carolina",45083,county,2025-09-26,case_lab-confirmed,1
"Spartanburg, South Carolina",45083,county,2025-10-02,case_lab-confirmed,4
"Spartanburg, South Carolina",45083,county,2025-10-07,case_lab-confirmed,2
"Spartanburg, South Carolina",45083,county,2025-10-14,case_lab-confirmed,6
"Spartanburg, South Carolina",45083,county,2025-10-17,case_lab-confirmed,1
"Spartanburg, South Carolina",45083,county,2025-10-21,case_lab-confirmed,4
"Spartanburg, South Carolina",45083,county,2025-10-24,case_lab-confirmed,2
"Spartanburg, South Carolina",45083,county,2025-10-28,case_lab-confirmed,8
"Spartanburg, South Carolina",45083,county,2025-10-31,case_lab-confirmed,4
"Spartanburg, South Carolina",45083,county,2025-11-07,case_lab-confirmed,1
"Spartanburg, South Carolina",45083,county,2025-11-14,case_lab-confirmed,10
"Spartanburg, South Carolina",45083,county,2025-11-21,case_lab-confirmed,8
"Spartanburg, South Carolina",45083,county,2025-11-25,case_lab-confirmed,3
"Spartanburg, South Carolina",45083,county,2025-11-28,case_lab-confirmed,7
"Spartanburg, South Carolina",45083,county,2025-12-03,case_lab-confirmed,14
"Spartanburg, South Carolina",45083,county,2025-12-05,case_lab-confirmed,8
"Spartanburg, South Carolina",45083,county,2025-12-09,case_lab-confirmed,27
"Spartanburg, South Carolina",45083,county,2025-12-12,case_lab-confirmed,15
"Spartanburg, South Carolina",45083,county,2025-12-16,case_lab-confirmed,9
"Spartanburg, South Carolina",45083,county,2025-12-19,case_lab-confirmed,9
"Spartanburg, South Carolina",45083,county,2025-12-23,case_lab-confirmed,9
"Spartanburg, South Carolina",45083,county,2025-12-26,case_lab-confirmed,3
"Spartanburg, South Carolina",45083,county,2025-12-30,case_lab-confirmed,20
"Spartanburg, South Carolina",45083,county,2025-12-31,case_lab-confirmed,154
"Spartanburg, South Carolina",45083,county,2026-01-09,case_lab-confirmed,63
"Spartanburg, South Carolina",45083,county,2026-01-13,case_lab-confirmed,41
"Spartanburg, South Carolina",45083,county,2026-01-16,case_lab-confirmed,124
"Spartanburg, South Carolina",45083,county,2026-01-20,case_lab-confirmed,88
"Spartanburg, South Carolina",45083,county,2026-01-23,case_lab-confirmed,54
"Spartanburg, South Carolina",45083,county,2026-01-27,case_lab-confirmed,89
"Spartanburg, South Carolina",45083,county,2026-01-30,case_lab-confirmed,58
"Spartanburg, South Carolina",45083,county,2026-02-03,case_lab-confirmed,29
"Spartanburg, South Carolina",45083,county,2026-02-06,case_lab-confirmed,44
"Spartanburg, South Carolina",45083,county,2026-02-10,case_lab-confirmed,13
"Spartanburg, South Carolina",45083,county,2026-03-19,case_lab-confirmed,7
"Spokane, Washington",53063,county,2025-08-25,case_lab-confirmed,1
"Spokane, Washington",53063,county,2026-03-27,case_lab-confirmed,1
"St. Johns, Florida",12109,county,2026-01-10,case_lab-confirmed,1
"St. Johns, Florida",12109,county,2026-02-07,case_lab-confirmed,1
"St. Johns, Florida",12109,county,2026-02-28,case_lab-confirmed,1
"St. Mary's, Maryland",24037,county,2026-08-24,case_lab-confirmed,13
"Steuben, New York",36101,county,2026-08-18,case_lab-confirmed,1
"Steuben, New York",36101,county,2026-08-21,case_lab-confirmed,1
"Steuben, New York",36101,county,2026-08-28,case_lab-confirmed,2
"Steuben, New York",36101,county,2026-08-31,case_lab-confirmed,2
"Steuben, New York",36101,county,2026-09-02,case_lab-confirmed,2
"Stevens, Kansas",20189,county,2025-03-31,case_lab-confirmed,6
"Stevens, Kansas",20189,county,2025-04-09,case_lab-confirmed,1
"Stevens, Kansas",20189,county,2025-07-07,case_lab-confirmed,2
"Stevens, Kansas",20189,county,2025-07-16,case_lab-confirmed,1
"Stevens, Washington",53065,county,2026-02-06,case_lab-confirmed,1
"Stevens, Washington",53065,county,2026-02-13,case_lab-confirmed,2
"Suffolk, New York",36103,county,2025-03-11,case_lab-confirmed,1
"Summit, Utah",49043,county,2026-01-13,case_lab-confirmed,1
"Summit, Utah",49043,county,2026-03-17,case_lab-confirmed,2
"Summit, Utah",49043,county,2026-03-31,case_lab-confirmed,2
"Sumter, South Carolina",45085,county,2025-11-25,case_lab-confirmed,3
"Switzerland, Indiana",18155,county,2026-08-25,case_lab-confirmed,1
"Switzerland, Indiana",18155,county,2026-09-02,case_lab-confirmed,2
"Taney, Missouri",29213,county,2025-04-18,case_lab-confirmed,1
"Tarrant, Texas",48439,county,2025-05-06,case_lab-confirmed,2
"Tarrant, Texas",48439,county,2025-05-27,case_lab-confirmed,2
"Terry, Texas",48445,county,2025-02-14,case_lab-confirmed,3
"Terry, Texas",48445,county,2025-02-18,case_lab-confirmed,6
"Terry, Texas",48445,county,2025-02-21,case_lab-confirmed,11
"Terry, Texas",48445,county,2025-02-25,case_lab-confirmed,1
"Terry, Texas",48445,county,2025-03-18,case_lab-confirmed,15
"Terry, Texas",48445,county,2025-03-20,case_lab-confirmed,2
"Terry, Texas",48445,county,2025-04-02,case_lab-confirmed,3
"Terry, Texas",48445,county,2025-04-04,case_lab-confirmed,2
"Terry, Texas",48445,county,2025-04-08,case_lab-confirmed,3
"Terry, Texas",48445,county,2025-04-11,case_lab-confirmed,1
"Terry, Texas",48445,county,2025-04-18,case_lab-confirmed,5
"Terry, Texas",48445,county,2025-04-23,case_lab-confirmed,2
"Terry, Texas",48445,county,2025-04-25,case_lab-confirmed,5
"Terry, Texas",48445,county,2025-05-06,case_lab-confirmed,1
"Teton, Idaho",16081,county,2026-07-10,case_lab-confirmed,1
"Teton, Wyoming",56039,county,2026-06-28,case_lab-confirmed,1
"Teton, Wyoming",56039,county,2026-07-11,case_lab-confirmed,1
"Teton, Wyoming",56039,county,2026-07-13,case_lab-confirmed,1
"Teton, Wyoming",56039,county,2026-07-14,case_lab-confirmed,2
"Tioga, New York",36107,county,2026-08-21,case_lab-confirmed,1
"Todd, Kentucky",21219,county,2025-06-30,case_lab-confirmed,1
"Todd, Kentucky",21219,county,2026-08-21,case_lab-confirmed,1
"Tooele, Utah",49045,county,2026-02-17,case_lab-confirmed,2
"Tooele, Utah",49045,county,2026-02-24,case_lab-confirmed,4
"Tooele, Utah",49045,county,2026-03-10,case_lab-confirmed,5
"Tooele, Utah",49045,county,2026-03-24,case_lab-confirmed,5
"Tooele, Utah",49045,county,2026-04-07,case_lab-confirmed,2
"Tooele, Utah",49045,county,2026-05-05,case_lab-confirmed,1
"Traill, North Dakota",38097,county,2026-03-05,case_lab-confirmed,1
"Travis, Texas",48453,county,2025-03-20,case_lab-confirmed,1
"Travis, Texas",48453,county,2025-05-02,case_lab-confirmed,1
"Travis, Texas",48453,county,2026-05-20,case_lab-confirmed,1
"Tricounty, Utah",0,county,2026-03-03,case_lab-confirmed,2
"Tricounty, Utah",0,county,2026-03-10,case_lab-confirmed,3
"Tricounty, Utah",0,county,2026-03-17,case_lab-confirmed,8
"Tricounty, Utah",0,county,2026-03-24,case_lab-confirmed,10
"Tricounty, Utah",0,county,2026-03-31,case_lab-confirmed,33
"Tricounty, Utah",0,county,2026-04-07,case_lab-confirmed,3
"Tricounty, Utah",0,county,2026-04-14,case_lab-confirmed,10
"Tricounty, Utah",0,county,2026-04-21,case_lab-confirmed,1
"Tricounty, Utah",0,county,2026-04-28,case_lab-confirmed,1
"Tricounty, Utah",0,county,2026-05-05,case_lab-confirmed,2
"Tricounty, Utah",0,county,2026-06-02,case_lab-confirmed,1
"Tricounty, Utah",0,county,2026-07-07,case_lab-confirmed,4
"Tricounty, Utah",0,county,2026-07-21,case_lab-confirmed,2
"Trigg, Kentucky",21221,county,2026-08-21,case_lab-confirmed,2
"Trigg, Kentucky",21221,county,2026-08-28,case_lab-confirmed,1
"Trigg, Kentucky",21221,county,2026-09-01,case_lab-confirmed,3
"Trumbull, Ohio",39155,county,2026-07-31,case_lab-confirmed,1
"Trumbull, Ohio",39155,county,2026-08-02,case_lab-confirmed,1
"Trumbull, Ohio",39155,county,2026-08-21,case_lab-confirmed,1
"Trumbull, Ohio",39155,county,2026-09-04,case_lab-confirmed,2
"Tulare, California",6107,county,2025-07-22,case_lab-confirmed,1
"Tulare, California",6107,county,2025-07-24,case_lab-confirmed,1
"Tuolumne, California",6109,county,2025-03-19,case_lab-confirmed,2
"Tuscarawas, Ohio",39157,county,2026-07-19,case_lab-confirmed,1
"Tuscarawas, Ohio",39157,county,2026-07-27,case_lab-confirmed,2
"Tuscarawas, Ohio",39157,county,2026-07-29,case_lab-confirmed,1
"Tuscarawas, Ohio",39157,county,2026-07-30,case_lab-confirmed,2
"Tuscarawas, Ohio",39157,county,2026-08-01,case_lab-confirmed,1
"Tuscarawas, Ohio",39157,county,2026-08-03,case_lab-confirmed,1
"Tuscarawas, Ohio",39157,county,2026-08-21,case_lab-confirmed,4
"Twin Cities Metro Area, Minnesota",27,county,2025-10-01,case_lab-confirmed,10
"Union, North Carolina",37179,county,2026-02-12,case_lab-confirmed,1
"Union, North Carolina",37179,county,2026-03-13,case_lab-confirmed,1
"Union, Pennsylvania",42119,county,2026-08-21,case_lab-confirmed,1
"Union, Pennsylvania",42119,county,2026-08-28,case_lab-confirmed,1
"Union, Pennsylvania",42119,county,2026-08-31,case_lab-confirmed,2
"Unknown County, California",6,county,2025-06-16,case_lab-confirmed,1
"Unknown County, California",6,county,2025-10-13,case_lab-confirmed,1
"Unknown County, California",6,county,2025-12-08,case_lab-confirmed,1
"Unknown County, California",6,county,2026-05-04,case_lab-confirmed,1
"Unknown County, Georgia",13,county,2026-09-01,case_lab-confirmed,2
"Unknown County, Idaho",16,county,2025-09-30,case_lab-confirmed,2
"Unknown County, Illinois",17,county,2025-10-22,case_lab-confirmed,2
"Unknown County, Illinois",17,county,2026-02-18,case_lab-confirmed,1
"Unknown County, Illinois",17,county,2026-04-01,case_lab-confirmed,2
"Unknown County, Illinois",17,county,2026-09-01,case_lab-confirmed,1
"Unknown County, Kansas",20,county,2025-03-31,case_lab-confirmed,9
"Unknown County, Kansas",20,county,2025-04-05,case_lab-confirmed,1
"Unknown County, Kansas",20,county,2025-04-09,case_lab-confirmed,2
"Unknown County, Kansas",20,county,2025-04-16,case_lab-confirmed,3
"Unknown County, Kansas",20,county,2025-06-16,case_lab-confirmed,1
"Unknown County, Kansas",20,county,2025-06-17,case_lab-confirmed,1
"Unknown County, Kansas",20,county,2025-11-02,case_lab-confirmed,3
"Unknown County, Kansas",20,county,2026-05-31,case_lab-confirmed,1
"Unknown County, Kentucky",21,county,2025-06-30,case_lab-confirmed,1
"Unknown County, Maryland",23,county,2026-09-03,case_lab-confirmed,9
"Unknown County, Massachusetts",25,county,2026-02-27,case_lab-confirmed,1
"Unknown County, Minnesota",27,county,2025-06-11,case_lab-confirmed,1
"Unknown County, Minnesota",27,county,2025-09-25,case_lab-confirmed,3
"Unknown County, Minnesota",27,county,2025-10-09,case_lab-confirmed,2
"Unknown County, Minnesota",27,county,2025-10-31,case_lab-confirmed,2
"Unknown County, Minnesota",27,county,2025-11-13,case_lab-confirmed,1
"Unknown County, Minnesota",27,county,2025-12-05,case_lab-confirmed,2
"Unknown County, Minnesota",27,county,2026-01-22,case_lab-confirmed,1
"Unknown County, Minnesota",27,county,2026-02-13,case_lab-confirmed,1
"Unknown County, Minnesota",27,county,2026-02-18,case_lab-confirmed,3
"Unknown County, Minnesota",27,county,2026-02-26,case_lab-confirmed,5
"Unknown County, Minnesota",27,county,2026-03-05,case_lab-confirmed,2
"Unknown County, Minnesota",27,county,2026-03-12,case_lab-confirmed,2
"Unknown County, Minnesota",27,county,2026-04-02,case_lab-confirmed,1
"Unknown County, Minnesota",27,county,2026-04-16,case_lab-confirmed,1
"Unknown County, Minnesota",27,county,2026-04-30,case_lab-confirmed,1
"Unknown County, Nebraska",31,county,2025-12-31,case_lab-confirmed,1
"Unknown County, Nebraska",31,county,2026-01-08,case_lab-confirmed,2
"Unknown County, New Jersey",34,county,2025-08-29,case_lab-confirmed,2
"Unknown County, New Jersey",34,county,2025-10-29,case_lab-confirmed,1
"Unknown County, New York",36,county,2026-05-08,case_lab-confirmed,1
"Unknown County, New York",36,county,2026-06-26,case_lab-confirmed,1
"Unknown County, New York",36,county,2026-07-17,case_lab-confirmed,1
"Unknown County, New York",36,county,2026-08-07,case_lab-confirmed,1
"Unknown County, New York",36,county,2026-08-21,case_lab-confirmed,6
"Unknown County, New York",36,county,2026-08-28,case_lab-confirmed,2
"Unknown County, New York",36,county,2026-09-01,case_lab-confirmed,5
"Unknown County, New York",36,county,2026-09-04,case_lab-confirmed,1
"Unknown County, Oklahoma",40109,county,2025-03-25,case_lab-confirmed,7
"Unknown County, Oklahoma",40109,county,2025-04-02,case_lab-confirmed,1
"Unknown County, Oklahoma",40109,county,2025-04-15,case_lab-confirmed,1
"Unknown County, Oklahoma",40109,county,2025-04-23,case_lab-confirmed,1
"Unknown County, Oklahoma",40109,county,2025-04-25,case_lab-confirmed,2
"Unknown County, Oklahoma",40109,county,2025-05-02,case_lab-confirmed,1
"Unknown County, Oklahoma",40109,county,2025-05-06,case_lab-confirmed,1
"Unknown County, Oklahoma",40109,county,2025-06-03,case_lab-confirmed,1
"Unknown County, Oklahoma",40109,county,2025-06-06,case_lab-confirmed,1
"Unknown County, Oklahoma",40109,county,2025-06-13,case_lab-confirmed,1
"Unknown County, Oklahoma",40109,county,2026-01-30,case_lab-confirmed,1
"Unknown County, Oregon",41,county,2026-01-29,case_lab-confirmed,2
"Unknown County, Oregon",41,county,2026-03-19,case_lab-confirmed,4
"Unknown County, Oregon",41,county,2026-03-26,case_lab-confirmed,1
"Unknown County, Oregon",41,county,2026-04-02,case_lab-confirmed,2
"Unknown County, Oregon",41,county,2026-04-09,case_lab-confirmed,1
"Unknown County, Oregon",41,county,2026-04-16,case_lab-confirmed,6
"Unknown County, Oregon",41,county,2026-04-30,case_lab-confirmed,2
"Unknown County, Oregon",41,county,2026-05-21,case_lab-confirmed,1
"Unknown County, Oregon",41,county,2026-06-25,case_lab-confirmed,1
"Unknown County, Oregon",41,county,2026-07-15,case_lab-confirmed,6
"Unknown County, Oregon",41,county,2026-07-16,case_lab-confirmed,1
"Unknown County, Oregon",41,county,2026-08-05,case_lab-confirmed,8
"Unknown County, Oregon",41,county,2026-08-12,case_lab-confirmed,6
"Unknown County, Oregon",41,county,2026-08-19,case_lab-confirmed,1
"Unknown County, Oregon",41,county,2026-08-26,case_lab-confirmed,4
"Unknown County, Oregon",41,county,2026-09-02,case_lab-confirmed,4
"Unknown County, Pennsylvania",42,county,2025-08-21,case_lab-confirmed,1
"Unknown County, South Carolina",45,county,2026-03-19,case_lab-confirmed,7
"Unknown County, Texas",48,county,2025-10-30,case_lab-confirmed,1
"Unknown County, Vermont",,county,2025-08-28,case_lab-confirmed,1
"Upper Cumberland Region, Tennessee",0,county,2025-03-30,case_lab-confirmed,1
"Upper Cumberland Region, Tennessee",0,county,2025-03-31,case_lab-confirmed,1
"Upper Cumberland Region, Tennessee",0,county,2025-04-14,case_lab-confirmed,1
"Upper Cumberland Region, Tennessee",0,county,2025-04-16,case_lab-confirmed,1
"Upshur, Texas",48459,county,2025-04-18,case_lab-confirmed,1
"Upshur, Texas",48459,county,2025-04-25,case_lab-confirmed,1
"Upshur, Texas",48459,county,2025-05-02,case_lab-confirmed,3
"Upshur, Texas",48459,county,2026-08-07,case_lab-confirmed,1
"Utah, Utah",49049,county,2025-06-20,case_lab-confirmed,1
"Utah, Utah",49049,county,2025-06-24,case_lab-confirmed,1
"Utah, Utah",49049,county,2025-06-26,case_lab-confirmed,1
"Utah, Utah",49049,county,2025-06-27,case_lab-confirmed,2
"Utah, Utah",49049,county,2025-07-01,case_lab-confirmed,2
"Utah, Utah",49049,county,2025-10-31,case_lab-confirmed,1
"Utah, Utah",49049,county,2025-11-04,case_lab-confirmed,1
"Utah, Utah",49049,county,2025-12-09,case_lab-confirmed,1
"Utah, Utah",49049,county,2025-12-22,case_lab-confirmed,6
"Utah, Utah",49049,county,2026-01-06,case_lab-confirmed,3
"Utah, Utah",49049,county,2026-01-13,case_lab-confirmed,5
"Utah, Utah",49049,county,2026-01-20,case_lab-confirmed,4
"Utah, Utah",49049,county,2026-01-27,case_lab-confirmed,7
"Utah, Utah",49049,county,2026-02-10,case_lab-confirmed,3
"Utah, Utah",49049,county,2026-02-17,case_lab-confirmed,3
"Utah, Utah",49049,county,2026-02-24,case_lab-confirmed,5
"Utah, Utah",49049,county,2026-03-03,case_lab-confirmed,4
"Utah, Utah",49049,county,2026-03-10,case_lab-confirmed,17
"Utah, Utah",49049,county,2026-03-17,case_lab-confirmed,8
"Utah, Utah",49049,county,2026-03-24,case_lab-confirmed,3
"Utah, Utah",49049,county,2026-03-31,case_lab-confirmed,9
"Utah, Utah",49049,county,2026-04-07,case_lab-confirmed,6
"Utah, Utah",49049,county,2026-04-14,case_lab-confirmed,2
"Utah, Utah",49049,county,2026-04-28,case_lab-confirmed,2
"Utah, Utah",49049,county,2026-05-05,case_lab-confirmed,2
"Utah, Utah",49049,county,2026-05-12,case_lab-confirmed,10
"Utah, Utah",49049,county,2026-05-19,case_lab-confirmed,1
"Utah, Utah",49049,county,2026-05-26,case_lab-confirmed,1
"Utah, Utah",49049,county,2026-06-09,case_lab-confirmed,3
"Utah, Utah",49049,county,2026-07-14,case_lab-confirmed,2
"Venango, Pennsylvania",42121,county,2026-08-21,case_lab-confirmed,1
"Ventura, California",6111,county,2026-08-05,case_lab-confirmed,1
"Walla Walla, Washington",53071,county,2026-04-09,case_lab-confirmed,1
"Walla Walla, Washington",53071,county,2026-04-29,case_lab-confirmed,1
"Walla Walla, Washington",53071,county,2026-05-08,case_lab-confirmed,3
"Walla Walla, Washington",53071,county,2026-05-13,case_lab-confirmed,1
"Walla Walla, Washington",53071,county,2026-05-20,case_lab-confirmed,1
"Walsh, North Dakota",38099,county,2026-02-19,case_lab-confirmed,1
"Warren, Pennsylvania",42123,county,2026-08-21,case_lab-confirmed,2
"Warren, Pennsylvania",42123,county,2026-08-28,case_lab-confirmed,1
"Warren, Pennsylvania",42123,county,2026-09-04,case_lab-confirmed,3
"Wasatch, Utah",49051,county,2025-11-25,case_lab-confirmed,8
"Wasatch, Utah",49051,county,2025-12-09,case_lab-confirmed,1
"Wasatch, Utah",49051,county,2026-05-12,case_lab-confirmed,1
"Wasatch, Utah",49051,county,2026-05-19,case_lab-confirmed,1
"Wasatch, Utah",49051,county,2026-05-26,case_lab-confirmed,1
"Washington, District of Columbia",11001,county,2025-06-14,case_lab-confirmed,1
"Washington, District of Columbia",11001,county,2026-06-20,case_lab-confirmed,1
"Washington, Kentucky",21229,county,2026-08-21,case_lab-confirmed,5
"Washington, Minnesota",27163,county,2025-06-02,case_lab-confirmed,1
"Washington, Vermont",50023,county,2026-02-12,case_lab-confirmed,1
"Washoe, Nevada",32031,county,2025-12-27,case_lab-confirmed,1
"Washtenaw, Michigan",26161,county,2026-03-11,case_lab-confirmed,1
"Washtenaw, Michigan",26161,county,2026-03-12,case_lab-confirmed,1
"Washtenaw, Michigan",26161,county,2026-03-19,case_lab-confirmed,1
"Washtenaw, Michigan",26161,county,2026-03-26,case_lab-confirmed,4
"Waukesha, Wisconsin",55133,county,2026-01-18,case_lab-confirmed,1
"Wayne, Indiana",18177,county,2026-08-30,case_lab-confirmed,1
"Wayne, Indiana",18177,county,2026-09-02,case_lab-confirmed,1
"Wayne, Ohio",39169,county,2026-07-28,case_lab-confirmed,2
"Wayne, Ohio",39169,county,2026-08-21,case_lab-confirmed,3
"Wayne, Ohio",39169,county,2026-08-28,case_lab-confirmed,1
"Wayne, Ohio",39169,county,2026-09-04,case_lab-confirmed,3
"Weber-Morgan, Utah",49057,county,2026-01-20,case_lab-confirmed,2
"Weld, Colorado",8123,county,2025-12-15,case_lab-confirmed,1
"Weld, Colorado",8123,county,2026-03-06,case_lab-confirmed,1
"Weld, Colorado",8123,county,2026-03-18,case_lab-confirmed,1
"Weld, Colorado",8123,county,2026-04-08,case_lab-confirmed,2
"Weld, Colorado",8123,county,2026-04-14,case_lab-confirmed,1
"Western, Iowa",19,county,2025-07-22,case_lab-confirmed,1
"Westmoreland, Pennsylvania",42129,county,2026-08-28,case_lab-confirmed,1
"Whatcom, Washington",53073,county,2025-06-20,case_lab-confirmed,1
"Whatcom, Washington",53073,county,2025-06-23,case_lab-confirmed,1
"Williams, North Dakota",38105,county,2025-04-29,case_lab-confirmed,1
"Williams, North Dakota",38105,county,2025-05-02,case_lab-confirmed,2
"Williams, North Dakota",38105,county,2025-05-03,case_lab-confirmed,2
"Williams, North Dakota",38105,county,2025-05-04,case_lab-confirmed,3
"Williams, North Dakota",38105,county,2025-05-06,case_lab-confirmed,2
"Williams, North Dakota",38105,county,2025-05-07,case_lab-confirmed,1
"Williams, North Dakota",38105,county,2025-05-10,case_lab-confirmed,1
"Williams, North Dakota",38105,county,2025-05-11,case_lab-confirmed,1
"Williams, North Dakota",38105,county,2025-05-16,case_lab-confirmed,1
"Williams, North Dakota",38105,county,2025-05-18,case_lab-confirmed,1
"Williams, North Dakota",38105,county,2025-05-28,case_lab-confirmed,1
"Williams, North Dakota",38105,county,2025-07-01,case_lab-confirmed,1
"Williams, North Dakota",38105,county,2025-07-14,case_lab-confirmed,1
"Williams, North Dakota",38105,county,2026-02-03,case_lab-confirmed,1
"Williamson, Illinois",17199,county,2025-04-23,case_lab-confirmed,1
"Williamson, Illinois",17199,county,2025-05-05,case_lab-confirmed,3
"Williamson, Texas",48491,county,2025-05-30,case_lab-confirmed,6
"Williamson, Texas",48491,county,2025-08-07,case_lab-confirmed,2
"Woodford, Kentucky",21239,county,2025-06-30,case_lab-confirmed,3
"Yavapai, Arizona",4025,county,2026-07-15,case_lab-confirmed,1
"Yellowstone, Montana",30111,county,2025-06-01,case_lab-confirmed,2
"Yellowstone, Montana",30111,county,2025-07-13,case_lab-confirmed,1
"Yellowstone, Montana",30111,county,2025-07-20,case_lab-confirmed,1
"Yoakum, Texas",48501,county,2025-02-14,case_lab-confirmed,2
"Yoakum, Texas",48501,county,2025-02-21,case_lab-confirmed,2
"Yoakum, Texas",48501,county,2025-02-25,case_lab-confirmed,1
"Yoakum, Texas",48501,county,2025-02-28,case_lab-confirmed,1
"Yoakum, Texas",48501,county,2025-03-18,case_lab-confirmed,5
"Yoakum, Texas",48501,county,2025-03-20,case_lab-confirmed,4
"Yoakum, Texas",48501,county,2025-04-02,case_lab-confirmed,1
"Yoakum, Texas",48501,county,2025-04-04,case_lab-confirmed,1
"Yoakum, Texas",48501,county,2025-04-11,case_lab-confirmed,1
"Yoakum, Texas",48501,county,2025-04-18,case_lab-confirmed,1
"Yoakum, Texas",48501,county,2025-05-06,case_lab-confirmed,1
"Yolo, California",6113,county,2025-06-06,case_lab-confirmed,1
"York, Pennsylvania",42133,county,2026-06-26,case_lab-confirmed,1
"York, Pennsylvania",42133,county,2026-07-01,case_lab-confirmed,1
"York, Pennsylvania",42133,county,2026-07-22,case_lab-confirmed,1
"York, Pennsylvania",42133,county,2026-07-31,case_lab-confirmed,4
"York, Pennsylvania",42133,county,2026-08-07,case_lab-confirmed,5
"York, Pennsylvania",42133,county,2026-08-14,case_lab-confirmed,3
"York, Pennsylvania",42133,county,2026-08-28,case_lab-confirmed,2
"York, Pennsylvania",42133,county,2026-08-31,case_lab-confirmed,2
"York, Pennsylvania",42133,county,2026-09-04,case_lab-confirmed,3
